Fiscal Year,Customer,Company code,Doubtful debts,Unit
012023,100030,GGPM,173592.47,INR
012023,260230,GGPM,173592.47,INR
012023,538084,GGPM,4207086.61,INR
012023,299011,GGPM,7203753.59,INR
012023,278775,GGPM,3714566,INR
012023,260837,GGPM,3643662,INR
012023,490265,GGPM,3206255.81,INR
012023,297646,GGPM,2501199,INR
012023,491163,GGPM,3070684.68,INR
012023,254185,GGPM,2344369.61,INR
012023,973774,GGPM,2661221.4,INR
012023,491235,GGPM,2332275,INR
012023,539907,GGPM,2229600.8,INR
012023,283463,GGPM,2166318,INR
012023,289583,GGPM,277829.22,INR
012023,286356,GGPM,2055295.53,INR
012023,280472,GGPM,2050782,INR
012023,540002,GGPM,1104181.86,INR
012023,566935,GGPM,459301.03,INR
012023,566003,GGPM,1937944,INR
012023,265024,GGPM,1948911,INR
012023,294902,GGPM,1828602.4,INR
012023,296212,GGPM,94522.37,INR
012023,265325,GGPM,1687681.08,INR
012023,265132,GGPM,210394.5,INR
012023,283842,GGPM,1658442.26,INR
012023,295551,GGPM,180730,INR
012023,297560,GGPM,1411003,INR
012023,491667,GGPM,484757,INR
012023,538989,GGPM,1125527,INR
012023,565812,GGPM,4276.34,INR
012023,257441,GGPM,900000.35,INR
012023,294306,GGPM,1006417,INR
012023,567489,GGPM,937863.72,INR
012023,289740,GGPM,981278.81,INR
012023,294368,GGPM,2293897.56,INR
012023,565711,GGPM,116926,INR
012023,565526,GGPM,690905,INR
012023,289498,GGPM,56193.52,INR
012023,567002,GGPM,747821,INR
012023,565279,GGPM,25688.99,INR
012023,491280,GGPM,136936.83,INR
012023,565958,GGPM,71652.6,INR
012023,294699,GGPM,213607,INR
012023,533441,GGPM,627471.58,INR
012023,566587,GGPM,599356,INR
012023,565248,GGPM,584989,INR
012023,251530,GGPM,566336.21,INR
012023,537105,GGPM,902860,INR
012023,973957,GGPM,79785.83,INR
012023,973788,GGPM,537750,INR
012023,491310,GGPM,515732.15,INR
012023,539142,GGPM,502431,INR
012023,251738,GGPM,507139.69,INR
012023,567199,GGPM,546662.02,INR
012023,279009,GGPM,471752.6,INR
012023,289249,GGPM,490380.45,INR
012023,565888,GGPM,465570,INR
012023,290148,GGPM,249126,INR
012023,566273,GGPM,402702.91,INR
012023,565008,GGPM,401042,INR
012023,566474,GGPM,384512,INR
012023,491482,GGPM,312.4,INR
012023,567119,GGPM,230585,INR
012023,264698,GGPM,155571.2,INR
012023,264385,GGPM,44502.69,INR
012023,287315,GGPM,327552.19,INR
012023,565699,GGPM,325054,INR
012023,566063,GGPM,699291,INR
012023,533039,GGPM,3347.05,INR
012023,565722,GGPM,312056,INR
012023,294193,GGPM,308310.82,INR
012023,288173,GGPM,317805.46,INR
012023,566100,GGPM,303213,INR
012023,288109,GGPM,248847.06,INR
012023,566646,GGPM,437800.36,INR
012023,491239,GGPM,26304.79,INR
012023,296361,GGPM,272340,INR
012023,566747,GGPM,270535,INR
012023,567037,GGPM,143,INR
012023,566673,GGPM,249461.37,INR
012023,535238,GGPM,245520,INR
012023,533869,GGPM,242897,INR
012023,281457,GGPM,240895,INR
012023,539289,GGPM,228159,INR
012023,289955,GGPM,568994.58,INR
012023,567078,GGPM,205886,INR
012023,565473,GGPM,197566,INR
012023,566351,GGPM,192888,INR
012023,565776,GGPM,34507,INR
012023,491525,GGPM,186630,INR
012023,299605,GGPM,1106,INR
012023,284556,GGPM,185677,INR
012023,296309,GGPM,185612,INR
012023,566547,GGPM,263686,INR
012023,533058,GGPM,171742.15,INR
012023,565538,GGPM,169709.55,INR
012023,261119,GGPM,38.52,INR
012023,566185,GGPM,151077.93,INR
012023,491559,GGPM,98571.05,INR
012023,565430,GGPM,150553,INR
012023,565666,GGPM,137400,INR
012023,565534,GGPM,131898,INR
012023,298687,GGPM,126509.4,INR
012023,565860,GGPM,121294.3,INR
012023,256349,GGPM,250999.68,INR
012023,565283,GGPM,113600.54,INR
012023,279829,GGPM,58127.88,INR
012023,565522,GGPM,109257.15,INR
012023,536872,GGPM,75717.08,INR
012023,565523,GGPM,106246,INR
012023,566994,GGPM,2970,INR
012023,540090,GGPM,104233.13,INR
012023,566393,GGPM,103840,INR
012023,264000,GGPM,28140.57,INR
012023,565514,GGPM,102569.65,INR
012023,566168,GGPM,101540,INR
012023,538607,GGPM,101321.2,INR
012023,491302,GGPM,329.55,INR
012023,565817,GGPM,100336.5,INR
012023,565225,GGPM,100178.03,INR
012023,565836,GGPM,98904,INR
012023,566183,GGPM,95942,INR
012023,566468,GGPM,89850,INR
012023,565272,GGPM,39236,INR
012023,566167,GGPM,88600,INR
012023,491532,GGPM,75048,INR
012023,566216,GGPM,76634,INR
012023,289361,GGPM,82467,INR
012023,567018,GGPM,238442,INR
012023,566666,GGPM,14214.2,INR
012023,286090,GGPM,71529.54,INR
012023,973804,GGPM,76465.52,INR
012023,565935,GGPM,46322.36,INR
012023,535941,GGPM,66927.71,INR
012023,565219,GGPM,35027,INR
012023,291314,GGPM,72618.98,INR
012023,490962,GGPM,7.27,INR
012023,254746,GGPM,72405.38,INR
012023,565697,GGPM,70656,INR
012023,566739,GGPM,214041,INR
012023,280061,GGPM,70000,INR
012023,566969,GGPM,99455.36,INR
012023,293972,GGPM,1633325.26,INR
012023,281403,GGPM,14040.02,INR
012023,565386,GGPM,65147,INR
012023,462318,GGPM,61216,INR
012023,282753,GGPM,60409,INR
012023,538408,GGPM,41178,INR
012023,566067,GGPM,396770.04,INR
012023,567051,GGPM,58541,INR
012023,537538,GGPM,57868,INR
012023,539729,GGPM,57689,INR
012023,296540,GGPM,57486.79,INR
012023,567062,GGPM,57477,INR
012023,288828,GGPM,56831,INR
012023,291328,GGPM,52854.57,INR
012023,973779,GGPM,54522,INR
012023,565716,GGPM,52103,INR
012023,565829,GGPM,174266.91,INR
012023,293896,GGPM,44796.93,INR
012023,264684,GGPM,20393.5,INR
012023,253209,GGPM,47006.17,INR
012023,243496,GGPM,82524,INR
012023,282810,GGPM,45420.59,INR
012023,565784,GGPM,5505,INR
012023,565419,GGPM,3862.84,INR
012023,293819,GGPM,44012.08,INR
012023,287150,GGPM,43772,INR
012023,565842,GGPM,43078.59,INR
012023,294332,GGPM,42542.6,INR
012023,253382,GGPM,42129.97,INR
012023,539858,GGPM,41994.2,INR
012023,538353,GGPM,1844.14,INR
012023,565491,GGPM,36189,INR
012023,565343,GGPM,36046,INR
012023,298175,GGPM,3678.1,INR
012023,565176,GGPM,34613,INR
012023,539961,GGPM,34185,INR
012023,565904,GGPM,34220.44,INR
012023,295251,GGPM,33742,INR
012023,290337,GGPM,33379.5,INR
012023,535474,GGPM,33145,INR
012023,566037,GGPM,32650,INR
012023,279488,GGPM,32191,INR
012023,566330,GGPM,31860,INR
012023,565296,GGPM,30560.1,INR
012023,566269,GGPM,29376,INR
012023,535521,GGPM,29056,INR
012023,566068,GGPM,28810,INR
012023,293487,GGPM,28637,INR
012023,537421,GGPM,28254.59,INR
012023,538071,GGPM,28250,INR
012023,565475,GGPM,26834.35,INR
012023,566346,GGPM,26314,INR
012023,536056,GGPM,25779,INR
012023,538875,GGPM,25690,INR
012023,265601,GGPM,8776,INR
012023,286510,GGPM,21885.77,INR
022023,565795,GGPM,21504,INR
022023,565642,GGPM,21420,INR
022023,535076,GGPM,21412,INR
022023,565894,GGPM,84693,INR
022023,295188,GGPM,23897.41,INR
022023,565204,GGPM,19670,INR
022023,536763,GGPM,19412,INR
022023,538296,GGPM,18387.98,INR
022023,566597,GGPM,17912,INR
022023,565882,GGPM,209383.48,INR
022023,566795,GGPM,17051,INR
022023,566311,GGPM,16012,INR
022023,536208,GGPM,8194,INR
022023,G99199,GGPM,15604,INR
022023,538998,GGPM,15000,INR
022023,265420,GGPM,22342.62,INR
022023,567017,GGPM,14868,INR
022023,566391,GGPM,14750,INR
022023,566293,GGPM,14278,INR
022023,257017,GGPM,14260,INR
022023,536728,GGPM,14147,INR
022023,565315,GGPM,13872,INR
022023,567099,GGPM,13782,INR
022023,566362,GGPM,13283.2,INR
022023,533391,GGPM,13230,INR
022023,565540,GGPM,12272,INR
022023,566942,GGPM,10529,INR
022023,567380,GGPM,12036,INR
022023,537665,GGPM,11935.28,INR
022023,567139,GGPM,8802,INR
022023,567113,GGPM,11872.82,INR
022023,567076,GGPM,26012.08,INR
022023,566188,GGPM,10765.69,INR
022023,565701,GGPM,10098,INR
022023,291127,GGPM,13838.6,INR
022023,491595,GGPM,1062,INR
022023,290536,GGPM,9673,INR
022023,566832,GGPM,6594,INR
022023,264348,GGPM,9460.61,INR
022023,537664,GGPM,8900,INR
022023,264553,GGPM,6015,INR
022023,566817,GGPM,8575,INR
022023,299289,GGPM,8142.76,INR
022023,540205,GGPM,6.09,INR
022023,538729,GGPM,7558.08,INR
022023,565050,GGPM,7464,INR
022023,280165,GGPM,7385,INR
022023,295241,GGPM,7260,INR
022023,565461,GGPM,7080,INR
022023,299945,GGPM,6908.59,INR
022023,535390,GGPM,8628.7,INR
022023,567260,GGPM,6408,INR
022023,565527,GGPM,5764,INR
022023,566833,GGPM,5706,INR
022023,566035,GGPM,5432.07,INR
022023,567012,GGPM,5351,INR
022023,565980,GGPM,5040,INR
022023,534413,GGPM,8281.32,INR
022023,566282,GGPM,4994,INR
022023,567617,GGPM,4602.45,INR
022023,566724,GGPM,4531,INR
022023,535596,GGPM,4496,INR
022023,490137,GGPM,33.28,INR
022023,565869,GGPM,4289,INR
022023,294456,GGPM,2037,INR
022023,565226,GGPM,3888,INR
022023,566984,GGPM,3825.87,INR
022023,280017,GGPM,3658,INR
022023,566116,GGPM,3500,INR
022023,539692,GGPM,3358,INR
022023,288780,GGPM,2796.2,INR
022023,566248,GGPM,3097,INR
022023,264986,GGPM,3001,INR
022023,565359,GGPM,2990,INR
022023,491505,GGPM,2747.62,INR
022023,290462,GGPM,2576,INR
022023,566929,GGPM,2336,INR
022023,536759,GGPM,2136.87,INR
022023,266901,GGPM,4065,INR
022023,295099,GGPM,1940,INR
022023,567092,GGPM,78069,INR
022023,538616,GGPM,1833,INR
022023,565934,GGPM,1457,INR
022023,287351,GGPM,1397.42,INR
022023,566497,GGPM,1392,INR
022023,540312,GGPM,1333,INR
022023,566519,GGPM,1298,INR
022023,567286,GGPM,65842,INR
022023,565327,GGPM,1225,INR
022023,537456,GGPM,1181.6,INR
022023,539031,GGPM,1126,INR
022023,265194,GGPM,1092.75,INR
022023,567123,GGPM,1047,INR
022023,565963,GGPM,1019,INR
022023,567101,GGPM,991,INR
022023,566367,GGPM,882,INR
022023,566779,GGPM,856,INR
022023,565281,GGPM,837.2,INR
022023,298553,GGPM,1056.72,INR
022023,565086,GGPM,789,INR
022023,535643,GGPM,684,INR
022023,537682,GGPM,667,INR
022023,565777,GGPM,629.4,INR
022023,491366,GGPM,619.8,INR
022023,566390,GGPM,568.75,INR
022023,566568,GGPM,540,INR
022023,492055,GGPM,498.75,INR
022023,566425,GGPM,486,INR
022023,565532,GGPM,453,INR
022023,566644,GGPM,378,INR
022023,566110,GGPM,300,INR
022023,565770,GGPM,29,INR
022023,566135,GGPM,202.4,INR
022023,566450,GGPM,195,INR
022023,265183,GGPM,145.19,INR
022023,566366,GGPM,130,INR
022023,567347,GGPM,118,INR
022023,565982,GGPM,114,INR
022023,535673,GGPM,70,INR
022023,566831,GGPM,69,INR
022023,566065,GGPM,57,INR
022023,283985,GGPM,434890.54,INR
022023,566165,GGPM,47,INR
022023,565570,GGPM,40,INR
022023,265222,GGPM,33,INR
022023,565959,GGPM,17.7,INR
022023,565070,GGPM,29.5,INR
022023,567225,GGPM,23.6,INR
022023,566944,GGPM,20,INR
022023,566355,GGPM,17,INR
022023,565581,GGPM,11,INR
022023,565590,GGPM,10.36,INR
022023,533610,GGPM,9,INR
022023,567387,GGPM,6,INR
022023,287861,GGPM,5,INR
022023,539082,GGPM,3.9,INR
022023,259609,GGPM,1287815.73,INR
022023,293895,GGPM,728869.71,INR
022023,490298,GGPM,220728.5,INR
022023,566488,GGPM,1442006.14,INR
022023,566674,GGPM,49080,INR
022023,565472,GGPM,252,INR
022023,567632,GGPM,200,INR
022023,567716,GGPM,118,INR
022023,566631,GGPM,122583,INR
022023,J10015,GGPM,7000,INR
022023,567268,GGPM,2661380.23,INR
022023,261485,GGPM,242664.66,INR
022023,567656,GGPM,5164,INR
022023,566175,GGPM,12213,INR
022023,255083,GGPM,10817,INR
022023,292037,GGPM,32150.67,INR
022023,291453,GGPM,9018,INR
022023,490192,GGPM,18672.79,INR
022023,566028,GGPM,70996.58,INR
022023,566030,GGPM,38096.05,INR
022023,566735,GGPM,16458,INR
022023,491599,GGPM,136696.75,INR
022023,567096,GGPM,664753,INR
022023,567500,GGPM,45.83,INR
022023,566372,GGPM,10701,INR
022023,567859,GGPM,260898.64,INR
022023,567899,GGPM,669768,INR
022023,257304,GGPM,16614,INR
022023,286872,GGPM,98180.76,INR
022023,294777,GGPM,1183.68,INR
022023,492050,GGPM,83668.46,INR
022023,565025,GGPM,660.81,INR
022023,566105,GGPM,1140.51,INR
022023,566518,GGPM,11100.77,INR
022023,566824,GGPM,73905.45,INR
022023,566903,GGPM,80496,INR
022023,567095,GGPM,7552,INR
022023,567254,GGPM,100704,INR
022023,567441,GGPM,125768.71,INR
022023,566892,GGPM,377.99,INR
022023,567593,GGPM,590.65,INR
022023,567589,GGPM,90.27,INR
022023,567621,GGPM,45.15,INR
022023,567625,GGPM,207.96,INR
022023,567626,GGPM,494.74,INR
022023,567611,GGPM,238.82,INR
022023,567650,GGPM,312.17,INR
022023,567743,GGPM,43.14,INR
022023,567830,GGPM,2004112,INR
022023,567896,GGPM,32641,INR
022023,567178,GGPM,2,INR
022023,567818,GGPM,5900,INR
022023,280742,GGPM,568303,INR
022023,299257,GGPM,4978740.26,INR
022023,491642,GGPM,1962347,INR
022023,491673,GGPM,986.81,INR
022023,565922,GGPM,100418,INR
022023,565988,GGPM,4295,INR
022023,566409,GGPM,510044.75,INR
022023,566726,GGPM,138137.95,INR
022023,567132,GGPM,26054,INR
022023,567424,GGPM,153.59,INR
022023,567359,GGPM,64305,INR
032023,566763,GGPM,17870,INR
032023,565067,GGPM,5352,INR
032023,G99251,GGPM,7000,INR
032023,259276,GGPM,11328,INR
032023,265655,GGPM,200,INR
032023,293892,GGPM,2103.43,INR
032023,538097,GGPM,9242,INR
032023,565236,GGPM,4693.56,INR
032023,265508,GGPM,779.6,INR
032023,566359,GGPM,53809.44,INR
032023,537791,GGPM,2404,INR
032023,567335,GGPM,2008,INR
032023,566901,GGPM,901.41,INR
032023,567551,GGPM,227,INR
032023,567641,GGPM,48549,INR
032023,567719,GGPM,87.37,INR
032023,567721,GGPM,41.84,INR
032023,567681,GGPM,26895.73,INR
032023,567712,GGPM,8680,INR
032023,567760,GGPM,4620.01,INR
032023,567803,GGPM,3150,INR
032023,567849,GGPM,2159,INR
032023,567888,GGPM,71,INR
032023,566230,GGPM,347452,INR
032023,567976,GGPM,85.18,INR
032023,568013,GGPM,6,INR
032023,567731,GGPM,99,INR
032023,567821,GGPM,157,INR
032023,568158,GGPM,396405,INR
032023,568215,GGPM,118860,INR
032023,565936,GGPM,270363,INR
032023,G99191,GGPM,21000,INR
032023,566906,GGPM,187195,INR
032023,567261,GGPM,23190,INR
032023,567342,GGPM,859343.36,INR
032023,566430,GGPM,1772.23,INR
032023,567841,GGPM,454021.17,INR
032023,568139,GGPM,60897,INR
032023,568136,GGPM,38421,INR
032023,265271,GGPM,10357,INR
032023,540123,GGPM,13784,INR
032023,565633,GGPM,582,INR
032023,566600,GGPM,3225,INR
032023,567244,GGPM,620206,INR
032023,567378,GGPM,689853,INR
032023,567708,GGPM,24869.21,INR
032023,568032,GGPM,73160,INR
032023,568122,GGPM,911161,INR
032023,568157,GGPM,123197,INR
032023,540092,GGPM,146262.48,INR
032023,565742,GGPM,977261,INR
032023,566395,GGPM,33348,INR
032023,566776,GGPM,19684,INR
032023,566707,GGPM,319475.76,INR
032023,567488,GGPM,1495.84,INR
032023,567806,GGPM,17652,INR
032023,567927,GGPM,5458.18,INR
032023,567980,GGPM,741,INR
032023,568097,GGPM,482558.16,INR
032023,566736,GGPM,3398,INR
032023,568193,GGPM,136204,INR
032023,568222,GGPM,128.21,INR
032023,491549,GGPM,106978.1,INR
032023,537823,GGPM,10,INR
032023,539404,GGPM,580.58,INR
032023,539815,GGPM,74477,INR
032023,565878,GGPM,795728.28,INR
032023,566024,GGPM,503096.92,INR
032023,565398,GGPM,29.02,INR
032023,566338,GGPM,160.59,INR
032023,567312,GGPM,3,INR
032023,567348,GGPM,160670.05,INR
032023,567418,GGPM,236,INR
032023,490645,GGPM,6570,INR
032023,566614,GGPM,99.12,INR
032023,567885,GGPM,21240,INR
032023,567929,GGPM,331,INR
032023,568025,GGPM,1380.44,INR
032023,567963,GGPM,868.35,INR
032023,568100,GGPM,14.07,INR
032023,568119,GGPM,66.56,INR
032023,568072,GGPM,892.09,INR
032023,568217,GGPM,96.91,INR
032023,568247,GGPM,158403,INR
032023,567702,GGPM,30,INR
032023,568273,GGPM,149666.4,INR
032023,568426,GGPM,859612,INR
032023,568478,GGPM,378,INR
032023,254966,GGPM,769009.92,INR
032023,565397,GGPM,219430,INR
032023,566805,GGPM,70.24,INR
032023,566938,GGPM,1838.23,INR
032023,566955,GGPM,10697,INR
032023,567645,GGPM,21520.43,INR
032023,567867,GGPM,102414,INR
032023,568150,GGPM,4743.6,INR
032023,568246,GGPM,183352,INR
032023,568276,GGPM,236,INR
032023,259261,GGPM,4285.67,INR
032023,290113,GGPM,88521,INR
032023,567396,GGPM,48094.94,INR
032023,568043,GGPM,246350.18,INR
032023,537219,GGPM,13354,INR
032023,567061,GGPM,71652,INR
032023,567151,GGPM,24307.2,INR
032023,567393,GGPM,243.73,INR
032023,567539,GGPM,703430,INR
032023,567833,GGPM,30000.69,INR
032023,259997,GGPM,38,INR
032023,568425,GGPM,840561,INR
032023,566786,GGPM,337660,INR
032023,567357,GGPM,27573.71,INR
032023,568449,GGPM,409.46,INR
032023,568481,GGPM,148.4,INR
032023,568489,GGPM,7365,INR
032023,294194,GGPM,69238.02,INR
032023,491649,GGPM,160931,INR
032023,565158,GGPM,6904.02,INR
032023,283989,GGPM,6858,INR
032023,567508,GGPM,5026,INR
032023,567862,GGPM,2068,INR
032023,568291,GGPM,74.6,INR
032023,568440,GGPM,697888,INR
032023,565260,GGPM,20505,INR
032023,565388,GGPM,5242,INR
032023,566712,GGPM,71595,INR
032023,566717,GGPM,3877,INR
032023,567506,GGPM,2167,INR
032023,567674,GGPM,90034,INR
032023,567892,GGPM,41170.68,INR
032023,568338,GGPM,15068,INR
032023,568459,GGPM,636669.07,INR
032023,568490,GGPM,21008.44,INR
032023,568520,GGPM,223667,INR
032023,568574,GGPM,376420,INR
032023,J10058,GGPM,145000,INR
032023,286821,GGPM,8897.17,INR
032023,287350,GGPM,36441,INR
032023,567599,GGPM,58,INR
032023,J10028,GGPM,7000,INR
032023,567933,GGPM,193600,INR
032023,568374,GGPM,374161,INR
032023,568380,GGPM,20,INR
032023,568649,GGPM,889838,INR
032023,568687,GGPM,56556,INR
032023,253573,GGPM,30408.4,INR
032023,293333,GGPM,64658.64,INR
032023,491626,GGPM,6037.73,INR
032023,566219,GGPM,19972,INR
032023,539313,GGPM,3925,INR
032023,567613,GGPM,1639741,INR
032023,567640,GGPM,222889,INR
032023,568378,GGPM,83840,INR
032023,568596,GGPM,3591.7,INR
032023,568622,GGPM,195,INR
032023,568660,GGPM,155966,INR
032023,565933,GGPM,938,INR
032023,566567,GGPM,22455,INR
032023,568016,GGPM,945.05,INR
032023,568267,GGPM,447732,INR
032023,568364,GGPM,665401.9,INR
032023,568556,GGPM,59488,INR
032023,568559,GGPM,98505,INR
032023,568717,GGPM,234767,INR
032023,568752,GGPM,182856,INR
032023,568751,GGPM,11,INR
032023,568952,GGPM,899,INR
032023,565058,GGPM,3776,INR
032023,565740,GGPM,629513.27,INR
032023,565954,GGPM,1755524,INR
032023,566129,GGPM,800000,INR
032023,567104,GGPM,6547.58,INR
032023,567252,GGPM,2060,INR
032023,567285,GGPM,180068,INR
032023,567523,GGPM,5425.74,INR
032023,567769,GGPM,3502.6,INR
032023,567792,GGPM,1323313,INR
032023,568132,GGPM,511,INR
032023,567856,GGPM,7599,INR
032023,568654,GGPM,45411,INR
032023,568493,GGPM,443621,INR
032023,568772,GGPM,3280,INR
032023,568822,GGPM,15,INR
032023,568826,GGPM,12532,INR
032023,537625,GGPM,557.76,INR
032023,537762,GGPM,177067.62,INR
032023,540078,GGPM,10.5,INR
032023,567075,GGPM,3564,INR
032023,566698,GGPM,1529298.93,INR
032023,285385,GGPM,324569,INR
032023,568233,GGPM,9.81,INR
032023,568431,GGPM,793869,INR
032023,567150,GGPM,220160,INR
032023,568566,GGPM,49143.82,INR
032023,568532,GGPM,13912,INR
032023,568632,GGPM,52751.94,INR
032023,568732,GGPM,218.4,INR
032023,568769,GGPM,121700,INR
032023,568801,GGPM,829,INR
042023,568845,GGPM,4.72,INR
042023,568832,GGPM,3983488.41,INR
042023,568876,GGPM,5792,INR
042023,568943,GGPM,246393,INR
042023,568931,GGPM,160,INR
042023,568880,GGPM,11328,INR
042023,250603,GGPM,65253.52,INR
042023,565821,GGPM,200803,INR
042023,566713,GGPM,9,INR
042023,566787,GGPM,4334781.28,INR
042023,566801,GGPM,10561.54,INR
042023,567854,GGPM,10894,INR
042023,568231,GGPM,194747,INR
042023,568239,GGPM,428421,INR
042023,568340,GGPM,525926,INR
042023,568393,GGPM,137476,INR
042023,568406,GGPM,316678,INR
042023,568833,GGPM,12683,INR
042023,568939,GGPM,3460,INR
042023,568949,GGPM,71545,INR
042023,568997,GGPM,350052,INR
042023,568970,GGPM,28580,INR
042023,J10077,GGPM,114085,INR
042023,295522,GGPM,91394.65,INR
042023,565189,GGPM,6015,INR
042023,567616,GGPM,903844,INR
042023,566347,GGPM,381,INR
042023,567552,GGPM,790798,INR
042023,290727,GGPM,349752,INR
042023,568329,GGPM,1069064,INR
042023,568748,GGPM,7316,INR
042023,568795,GGPM,11846.8,INR
042023,567064,GGPM,15,INR
042023,569041,GGPM,40780,INR
042023,569014,GGPM,2029754,INR
042023,566302,GGPM,60180,INR
042023,568202,GGPM,368278,INR
042023,568785,GGPM,25000,INR
042023,568847,GGPM,30641.56,INR
042023,569087,GGPM,4744,INR
042023,569107,GGPM,7930,INR
042023,569138,GGPM,455715.68,INR
042023,566487,GGPM,8632,INR
042023,566584,GGPM,148301,INR
042023,567510,GGPM,21392,INR
042023,567825,GGPM,250161,INR
042023,567983,GGPM,36130,INR
042023,567989,GGPM,255.07,INR
042023,567962,GGPM,94157,INR
042023,568337,GGPM,303365,INR
042023,568631,GGPM,474362,INR
042023,568754,GGPM,3540,INR
042023,568831,GGPM,10501.6,INR
042023,569040,GGPM,2832,INR
042023,569174,GGPM,5440,INR
042023,569187,GGPM,9912,INR
042023,569158,GGPM,263140,INR
042023,569193,GGPM,174468,INR
042023,J10076,GGPM,60542.5,INR
042023,J10069,GGPM,7000,INR
042023,569197,GGPM,93456,INR
042023,569237,GGPM,3077,INR
042023,249647,GGPM,4900.92,INR
042023,262032,GGPM,139258.34,INR
042023,264753,GGPM,2624601.76,INR
042023,491674,GGPM,59.93,INR
042023,535918,GGPM,9366.35,INR
042023,568235,GGPM,17747,INR
042023,568386,GGPM,571,INR
042023,568543,GGPM,118,INR
042023,568773,GGPM,53100,INR
042023,568930,GGPM,36206.86,INR
042023,568971,GGPM,166773.89,INR
042023,569066,GGPM,409480,INR
042023,569160,GGPM,136456,INR
042023,569261,GGPM,7906,INR
042023,265650,GGPM,518414.1,INR
042023,279044,GGPM,60,INR
042023,565727,GGPM,7,INR
042023,973778,GGPM,86793,INR
042023,566829,GGPM,75614,INR
042023,568144,GGPM,511884,INR
042023,568296,GGPM,27057,INR
042023,568603,GGPM,18195,INR
042023,568347,GGPM,168386,INR
042023,568980,GGPM,755483.5,INR
042023,100030,GGPM,929217,INR
042023,260230,GGPM,927290,INR
042023,538084,GGPM,368464,INR
042023,299011,GGPM,438770,INR
042023,278775,GGPM,223435,INR
042023,260837,GGPM,108928,INR
042023,490265,GGPM,819877,INR
042023,297646,GGPM,782533,INR
042023,491163,GGPM,332412,INR
042023,254185,GGPM,285539,INR
042023,973774,GGPM,51160,INR
042023,491235,GGPM,670935,INR
042023,539907,GGPM,84543,INR
042023,283463,GGPM,849030,INR
042023,289583,GGPM,958982,INR
042023,286356,GGPM,947522,INR
042023,280472,GGPM,891127,INR
042023,540002,GGPM,289092,INR
042023,566935,GGPM,311953,INR
042023,566003,GGPM,504885,INR
042023,265024,GGPM,591252,INR
042023,294902,GGPM,608916,INR
042023,296212,GGPM,732419,INR
042023,265325,GGPM,358811,INR
042023,265132,GGPM,60108,INR
042023,283842,GGPM,664793,INR
042023,295551,GGPM,909540,INR
042023,297560,GGPM,356583,INR
042023,491667,GGPM,923119,INR
042023,538989,GGPM,168316,INR
042023,565812,GGPM,472573,INR
042023,257441,GGPM,199125,INR
042023,294306,GGPM,751641,INR
042023,567489,GGPM,387404,INR
042023,289740,GGPM,323043,INR
042023,294368,GGPM,205291,INR
042023,565711,GGPM,57563,INR
042023,565526,GGPM,31288,INR
042023,289498,GGPM,992845,INR
042023,567002,GGPM,649659,INR
042023,565279,GGPM,256247,INR
042023,491280,GGPM,409550,INR
042023,565958,GGPM,772141,INR
042023,294699,GGPM,564487,INR
042023,533441,GGPM,519327,INR
042023,566587,GGPM,721253,INR
042023,565248,GGPM,933400,INR
042023,251530,GGPM,612002,INR
042023,537105,GGPM,100082,INR
042023,973957,GGPM,245601,INR
042023,973788,GGPM,369633,INR
042023,491310,GGPM,6654,INR
042023,539142,GGPM,282780,INR
042023,251738,GGPM,283153,INR
042023,567199,GGPM,356601,INR
042023,279009,GGPM,493058,INR
042023,289249,GGPM,580926,INR
042023,565888,GGPM,927790,INR
042023,290148,GGPM,954406,INR
042023,566273,GGPM,72889,INR
042023,565008,GGPM,187639,INR
042023,566474,GGPM,136167,INR
042023,491482,GGPM,768888,INR
042023,567119,GGPM,510724,INR
042023,264698,GGPM,968950,INR
042023,264385,GGPM,105506,INR
042023,287315,GGPM,408655,INR
042023,565699,GGPM,651056,INR
042023,566063,GGPM,483997,INR
042023,533039,GGPM,673345,INR
042023,565722,GGPM,994931,INR
042023,294193,GGPM,226811,INR
042023,288173,GGPM,611016,INR
042023,566100,GGPM,305205,INR
042023,288109,GGPM,507083,INR
042023,566646,GGPM,153077,INR
042023,491239,GGPM,368582,INR
042023,296361,GGPM,251354,INR
042023,566747,GGPM,578685,INR
042023,567037,GGPM,264135,INR
042023,566673,GGPM,426853,INR
042023,535238,GGPM,623425,INR
042023,533869,GGPM,601785,INR
042023,281457,GGPM,73447,INR
042023,539289,GGPM,625494,INR
042023,289955,GGPM,464572,INR
042023,567078,GGPM,638137,INR
042023,565473,GGPM,415380,INR
042023,566351,GGPM,535798,INR
042023,565776,GGPM,369599,INR
042023,491525,GGPM,691278,INR
042023,299605,GGPM,762299,INR
042023,284556,GGPM,735574,INR
042023,296309,GGPM,849735,INR
042023,566547,GGPM,349686,INR
042023,533058,GGPM,600132,INR
042023,565538,GGPM,1797,INR
042023,261119,GGPM,429622,INR
042023,566185,GGPM,675763,INR
042023,491559,GGPM,493864,INR
042023,565430,GGPM,66731,INR
042023,565666,GGPM,413943,INR
042023,565534,GGPM,486822,INR
042023,298687,GGPM,377533,INR
042023,565860,GGPM,934730,INR
042023,256349,GGPM,369885,INR
042023,565283,GGPM,848889,INR
042023,279829,GGPM,162114,INR
042023,565522,GGPM,8810,INR
042023,536872,GGPM,631083,INR
042023,565523,GGPM,690199,INR
042023,566994,GGPM,971206,INR
042023,540090,GGPM,437963,INR
052023,566393,GGPM,550398,INR
052023,264000,GGPM,927088,INR
052023,565514,GGPM,186959,INR
052023,566168,GGPM,166978,INR
052023,538607,GGPM,802120,INR
052023,491302,GGPM,393906,INR
052023,565817,GGPM,14435,INR
052023,565225,GGPM,137480,INR
052023,565836,GGPM,767370,INR
052023,566183,GGPM,166988,INR
052023,566468,GGPM,461946,INR
052023,565272,GGPM,975673,INR
052023,566167,GGPM,922255,INR
052023,491532,GGPM,583980,INR
052023,566216,GGPM,470525,INR
052023,289361,GGPM,284132,INR
052023,567018,GGPM,194305,INR
052023,566666,GGPM,371523,INR
052023,286090,GGPM,425794,INR
052023,973804,GGPM,347628,INR
052023,565935,GGPM,450665,INR
052023,535941,GGPM,815521,INR
052023,565219,GGPM,438651,INR
052023,291314,GGPM,665089,INR
052023,490962,GGPM,640947,INR
052023,254746,GGPM,836597,INR
052023,565697,GGPM,589652,INR
052023,566739,GGPM,219687,INR
052023,280061,GGPM,626577,INR
052023,566969,GGPM,163304,INR
052023,293972,GGPM,798588,INR
052023,281403,GGPM,813517,INR
052023,565386,GGPM,400863,INR
052023,462318,GGPM,537571,INR
052023,282753,GGPM,102649,INR
052023,538408,GGPM,110946,INR
052023,566067,GGPM,227212,INR
052023,567051,GGPM,31894,INR
052023,537538,GGPM,904285,INR
052023,539729,GGPM,254693,INR
052023,296540,GGPM,205067,INR
052023,567062,GGPM,107092,INR
052023,288828,GGPM,186804,INR
052023,291328,GGPM,54301,INR
052023,973779,GGPM,910542,INR
052023,565716,GGPM,1912,INR
052023,565829,GGPM,781498,INR
052023,293896,GGPM,776633,INR
052023,264684,GGPM,53315,INR
052023,253209,GGPM,405362,INR
052023,243496,GGPM,524594,INR
052023,282810,GGPM,515903,INR
052023,565784,GGPM,539518,INR
052023,565419,GGPM,136899,INR
052023,293819,GGPM,537431,INR
052023,287150,GGPM,964492,INR
052023,565842,GGPM,941222,INR
052023,294332,GGPM,733322,INR
052023,253382,GGPM,929997,INR
052023,539858,GGPM,165714,INR
052023,538353,GGPM,129763,INR
052023,565491,GGPM,427491,INR
052023,565343,GGPM,939021,INR
052023,298175,GGPM,485275,INR
052023,565176,GGPM,753783,INR
052023,539961,GGPM,989117,INR
052023,565904,GGPM,885773,INR
052023,295251,GGPM,611550,INR
052023,290337,GGPM,317656,INR
052023,535474,GGPM,298395,INR
052023,566037,GGPM,367376,INR
052023,279488,GGPM,862464,INR
052023,566330,GGPM,843203,INR
052023,565296,GGPM,319346,INR
052023,566269,GGPM,778638,INR
052023,535521,GGPM,461627,INR
052023,566068,GGPM,492032,INR
052023,293487,GGPM,353723,INR
052023,537421,GGPM,604166,INR
052023,538071,GGPM,729033,INR
052023,565475,GGPM,62863,INR
052023,566346,GGPM,65118,INR
052023,536056,GGPM,914750,INR
052023,538875,GGPM,326770,INR
052023,265601,GGPM,983985,INR
052023,286510,GGPM,787035,INR
052023,565795,GGPM,159098,INR
052023,565642,GGPM,795626,INR
052023,535076,GGPM,274578,INR
052023,565894,GGPM,54778,INR
052023,295188,GGPM,647297,INR
052023,565204,GGPM,627340,INR
052023,536763,GGPM,960040,INR
052023,538296,GGPM,131481,INR
052023,566597,GGPM,93046,INR
052023,565882,GGPM,24014,INR
052023,566795,GGPM,600924,INR
052023,566311,GGPM,542855,INR
052023,536208,GGPM,197979,INR
052023,G99199,GGPM,317374,INR
052023,538998,GGPM,912348,INR
052023,265420,GGPM,275270,INR
052023,567017,GGPM,546017,INR
052023,566391,GGPM,742354,INR
052023,566293,GGPM,940141,INR
052023,257017,GGPM,346966,INR
052023,536728,GGPM,4920,INR
052023,565315,GGPM,888777,INR
052023,567099,GGPM,891299,INR
052023,566362,GGPM,919885,INR
052023,533391,GGPM,425756,INR
052023,565540,GGPM,692711,INR
052023,566942,GGPM,514539,INR
052023,567380,GGPM,982475,INR
052023,537665,GGPM,678725,INR
052023,567139,GGPM,270376,INR
052023,567113,GGPM,874464,INR
052023,567076,GGPM,905115,INR
052023,566188,GGPM,963947,INR
052023,565701,GGPM,246329,INR
052023,291127,GGPM,471070,INR
052023,491595,GGPM,847267,INR
052023,290536,GGPM,899002,INR
052023,566832,GGPM,482755,INR
052023,264348,GGPM,916627,INR
052023,537664,GGPM,77302,INR
052023,264553,GGPM,98335,INR
052023,566817,GGPM,277360,INR
052023,299289,GGPM,804524,INR
052023,540205,GGPM,755317,INR
052023,538729,GGPM,832601,INR
052023,565050,GGPM,165005,INR
052023,280165,GGPM,975442,INR
052023,295241,GGPM,626705,INR
052023,565461,GGPM,885503,INR
052023,299945,GGPM,432362,INR
052023,535390,GGPM,122075,INR
052023,567260,GGPM,371857,INR
052023,565527,GGPM,906633,INR
052023,566833,GGPM,333874,INR
052023,566035,GGPM,557239,INR
052023,567012,GGPM,70518,INR
052023,565980,GGPM,404655,INR
052023,534413,GGPM,783562,INR
052023,566282,GGPM,18509,INR
052023,567617,GGPM,349449,INR
052023,566724,GGPM,17878,INR
052023,535596,GGPM,990804,INR
052023,490137,GGPM,577278,INR
052023,565869,GGPM,304923,INR
052023,294456,GGPM,855306,INR
052023,565226,GGPM,104828,INR
052023,566984,GGPM,83049,INR
052023,280017,GGPM,216745,INR
052023,566116,GGPM,509896,INR
052023,539692,GGPM,438965,INR
052023,288780,GGPM,79692,INR
052023,566248,GGPM,405142,INR
052023,264986,GGPM,810078,INR
052023,565359,GGPM,257688,INR
052023,491505,GGPM,805621,INR
052023,290462,GGPM,319878,INR
052023,566929,GGPM,501798,INR
052023,536759,GGPM,423264,INR
052023,266901,GGPM,710396,INR
052023,295099,GGPM,96621,INR
052023,567092,GGPM,826237,INR
052023,538616,GGPM,427295,INR
052023,565934,GGPM,903394,INR
052023,287351,GGPM,368015,INR
052023,566497,GGPM,398041,INR
052023,540312,GGPM,458246,INR
052023,566519,GGPM,89343,INR
052023,567286,GGPM,74484,INR
052023,565327,GGPM,875248,INR
052023,537456,GGPM,194741,INR
052023,539031,GGPM,835991,INR
052023,265194,GGPM,383273,INR
052023,567123,GGPM,663556,INR
052023,565963,GGPM,955245,INR
052023,567101,GGPM,474055,INR
052023,566367,GGPM,596898,INR
052023,566779,GGPM,296298,INR
052023,565281,GGPM,685052,INR
052023,298553,GGPM,530066,INR
052023,565086,GGPM,106169,INR
052023,535643,GGPM,195310,INR
052023,537682,GGPM,13541,INR
052023,565777,GGPM,362159,INR
052023,491366,GGPM,27973,INR
052023,566390,GGPM,230854,INR
052023,566568,GGPM,279511,INR
052023,492055,GGPM,581874,INR
052023,566425,GGPM,157063,INR
052023,565532,GGPM,871793,INR
052023,566644,GGPM,987129,INR
052023,566110,GGPM,924300,INR
052023,565770,GGPM,255280,INR
052023,566135,GGPM,746019,INR
062023,566450,GGPM,629025,INR
062023,265183,GGPM,457998,INR
062023,566366,GGPM,504810,INR
062023,567347,GGPM,114240,INR
062023,565982,GGPM,193410,INR
062023,535673,GGPM,414634,INR
062023,566831,GGPM,159644,INR
062023,566065,GGPM,103022,INR
062023,283985,GGPM,958983,INR
062023,566165,GGPM,463104,INR
062023,565570,GGPM,43039,INR
062023,265222,GGPM,538757,INR
062023,565959,GGPM,372560,INR
062023,565070,GGPM,950991,INR
062023,567225,GGPM,560663,INR
062023,566944,GGPM,877366,INR
062023,566355,GGPM,901915,INR
062023,565581,GGPM,494931,INR
062023,565590,GGPM,324513,INR
062023,533610,GGPM,35009,INR
062023,567387,GGPM,765738,INR
062023,287861,GGPM,311975,INR
062023,539082,GGPM,315757,INR
062023,259609,GGPM,889881,INR
062023,293895,GGPM,347334,INR
062023,490298,GGPM,855545,INR
062023,566488,GGPM,755638,INR
062023,566674,GGPM,849673,INR
062023,565472,GGPM,921724,INR
062023,567632,GGPM,642363,INR
062023,567716,GGPM,496846,INR
062023,566631,GGPM,152604,INR
062023,J10015,GGPM,46703,INR
062023,567268,GGPM,638819,INR
062023,261485,GGPM,800342,INR
062023,567656,GGPM,510376,INR
062023,566175,GGPM,597033,INR
062023,255083,GGPM,214678,INR
062023,292037,GGPM,822002,INR
062023,291453,GGPM,288854,INR
062023,490192,GGPM,961993,INR
062023,566028,GGPM,462992,INR
062023,566030,GGPM,994926,INR
062023,566735,GGPM,668577,INR
062023,491599,GGPM,362304,INR
062023,567096,GGPM,638277,INR
062023,567500,GGPM,766635,INR
062023,566372,GGPM,134164,INR
062023,567859,GGPM,596286,INR
062023,567899,GGPM,568760,INR
062023,257304,GGPM,824857,INR
062023,286872,GGPM,196748,INR
062023,294777,GGPM,778491,INR
062023,492050,GGPM,163375,INR
062023,565025,GGPM,30519,INR
062023,566105,GGPM,473830,INR
062023,566518,GGPM,793282,INR
062023,566824,GGPM,551762,INR
062023,566903,GGPM,763566,INR
062023,567095,GGPM,119168,INR
062023,567254,GGPM,256085,INR
062023,567441,GGPM,971789,INR
062023,566892,GGPM,286236,INR
062023,567593,GGPM,125848,INR
062023,567589,GGPM,746575,INR
062023,567621,GGPM,249088,INR
062023,567625,GGPM,24864,INR
062023,567626,GGPM,210347,INR
062023,567611,GGPM,959764,INR
062023,567650,GGPM,601881,INR
062023,567743,GGPM,385617,INR
062023,567830,GGPM,824560,INR
062023,567896,GGPM,204519,INR
062023,567178,GGPM,549427,INR
062023,567818,GGPM,828691,INR
062023,280742,GGPM,341822,INR
062023,299257,GGPM,373930,INR
062023,491642,GGPM,898917,INR
062023,491673,GGPM,448412,INR
062023,565922,GGPM,614048,INR
062023,565988,GGPM,110225,INR
062023,566409,GGPM,146794,INR
062023,566726,GGPM,232857,INR
062023,567132,GGPM,909911,INR
062023,567424,GGPM,389291,INR
062023,567359,GGPM,138801,INR
062023,566763,GGPM,510401,INR
062023,565067,GGPM,705824,INR
062023,G99251,GGPM,165011,INR
062023,259276,GGPM,506155,INR
062023,265655,GGPM,828448,INR
062023,293892,GGPM,926612,INR
062023,538097,GGPM,27101,INR
062023,565236,GGPM,216525,INR
062023,265508,GGPM,656039,INR
062023,566359,GGPM,10412,INR
062023,537791,GGPM,52940,INR
062023,567335,GGPM,562305,INR
062023,566901,GGPM,853598,INR
062023,567551,GGPM,604977,INR
062023,567641,GGPM,161546,INR
062023,567719,GGPM,46747,INR
062023,567721,GGPM,811596,INR
062023,567681,GGPM,797533,INR
062023,567712,GGPM,315097,INR
062023,567760,GGPM,919578,INR
062023,567803,GGPM,522755,INR
062023,567849,GGPM,521803,INR
062023,567888,GGPM,855466,INR
062023,566230,GGPM,568505,INR
062023,567976,GGPM,624524,INR
062023,568013,GGPM,194413,INR
062023,567731,GGPM,112191,INR
062023,567821,GGPM,573594,INR
062023,568158,GGPM,624592,INR
062023,568215,GGPM,689319,INR
062023,565936,GGPM,171832,INR
062023,G99191,GGPM,709,INR
062023,566906,GGPM,104787,INR
062023,567261,GGPM,476002,INR
062023,567342,GGPM,362890,INR
062023,566430,GGPM,423170,INR
062023,567841,GGPM,688632,INR
062023,568139,GGPM,117858,INR
062023,568136,GGPM,573631,INR
062023,265271,GGPM,240879,INR
062023,540123,GGPM,953914,INR
062023,565633,GGPM,357862,INR
062023,566600,GGPM,997316,INR
062023,567244,GGPM,93255,INR
062023,567378,GGPM,271005,INR
062023,567708,GGPM,701157,INR
062023,568032,GGPM,277703,INR
062023,568122,GGPM,554029,INR
062023,568157,GGPM,758352,INR
062023,540092,GGPM,745450,INR
062023,565742,GGPM,313167,INR
062023,566395,GGPM,837163,INR
062023,566776,GGPM,160440,INR
062023,566707,GGPM,507801,INR
062023,567488,GGPM,172771,INR
062023,567806,GGPM,943990,INR
062023,567927,GGPM,470872,INR
062023,567980,GGPM,649231,INR
062023,568097,GGPM,672337,INR
062023,566736,GGPM,539003,INR
062023,568193,GGPM,555572,INR
062023,568222,GGPM,808419,INR
062023,491549,GGPM,167530,INR
062023,537823,GGPM,853145,INR
062023,539404,GGPM,858209,INR
062023,539815,GGPM,220973,INR
062023,565878,GGPM,28353,INR
062023,566024,GGPM,83955,INR
062023,565398,GGPM,513899,INR
062023,566338,GGPM,423299,INR
062023,567312,GGPM,80589,INR
062023,567348,GGPM,84419,INR
062023,567418,GGPM,839454,INR
062023,490645,GGPM,119322,INR
062023,566614,GGPM,19854,INR
062023,567885,GGPM,617928,INR
062023,567929,GGPM,223045,INR
062023,568025,GGPM,220177,INR
062023,567963,GGPM,435994,INR
062023,568100,GGPM,90229,INR
062023,568119,GGPM,890652,INR
062023,568072,GGPM,661353,INR
062023,568217,GGPM,621366,INR
062023,568247,GGPM,465274,INR
062023,567702,GGPM,895603,INR
062023,568273,GGPM,845909,INR
062023,568426,GGPM,777863,INR
062023,568478,GGPM,23498,INR
062023,254966,GGPM,942434,INR
062023,565397,GGPM,467143,INR
062023,566805,GGPM,587764,INR
062023,566938,GGPM,723195,INR
062023,566955,GGPM,338538,INR
062023,567645,GGPM,23439,INR
062023,567867,GGPM,366923,INR
062023,568150,GGPM,193996,INR
062023,568246,GGPM,445717,INR
062023,568276,GGPM,553828,INR
062023,259261,GGPM,181036,INR
062023,290113,GGPM,804223,INR
062023,567396,GGPM,496324,INR
062023,568043,GGPM,994935,INR
062023,537219,GGPM,372321,INR
062023,567061,GGPM,825742,INR
062023,567151,GGPM,531241,INR
062023,567393,GGPM,87521,INR
062023,567539,GGPM,918145,INR
062023,567833,GGPM,444687,INR
062023,259997,GGPM,521207,INR
062023,568425,GGPM,946217,INR
062023,566786,GGPM,922652,INR
062023,567357,GGPM,259602,INR
062023,568449,GGPM,439521,INR
072023,568481,GGPM,248504,INR
072023,568489,GGPM,328500,INR
072023,294194,GGPM,949380,INR
072023,491649,GGPM,168922,INR
072023,565158,GGPM,490448,INR
072023,283989,GGPM,628719,INR
072023,567508,GGPM,994761,INR
072023,567862,GGPM,645747,INR
072023,568291,GGPM,918239,INR
072023,568440,GGPM,957370,INR
072023,565260,GGPM,692490,INR
072023,565388,GGPM,571928,INR
072023,566712,GGPM,546433,INR
072023,566717,GGPM,441139,INR
072023,567506,GGPM,215922,INR
072023,567674,GGPM,356638,INR
072023,567892,GGPM,144235,INR
072023,568338,GGPM,106876,INR
072023,568459,GGPM,142786,INR
072023,568490,GGPM,691116,INR
072023,568520,GGPM,192230,INR
072023,568574,GGPM,957136,INR
072023,J10058,GGPM,697221,INR
072023,286821,GGPM,303959,INR
072023,287350,GGPM,589400,INR
072023,567599,GGPM,48891,INR
072023,J10028,GGPM,934132,INR
072023,567933,GGPM,995612,INR
072023,568374,GGPM,325623,INR
072023,568380,GGPM,539091,INR
072023,568649,GGPM,231514,INR
072023,568687,GGPM,11543,INR
072023,253573,GGPM,425125,INR
072023,293333,GGPM,701891,INR
072023,491626,GGPM,750691,INR
072023,566219,GGPM,172883,INR
072023,539313,GGPM,214762,INR
072023,567613,GGPM,857460,INR
072023,567640,GGPM,975477,INR
072023,568378,GGPM,960468,INR
072023,568596,GGPM,372010,INR
072023,568622,GGPM,7550,INR
072023,568660,GGPM,44750,INR
072023,565933,GGPM,918316,INR
072023,566567,GGPM,269677,INR
072023,568016,GGPM,723250,INR
072023,568267,GGPM,358856,INR
072023,568364,GGPM,329699,INR
072023,568556,GGPM,847817,INR
072023,568559,GGPM,495503,INR
072023,568717,GGPM,858672,INR
072023,568752,GGPM,107520,INR
072023,568751,GGPM,617747,INR
072023,568952,GGPM,321123,INR
072023,565058,GGPM,448730,INR
072023,565740,GGPM,235494,INR
072023,565954,GGPM,428603,INR
072023,566129,GGPM,776659,INR
072023,567104,GGPM,270229,INR
072023,567252,GGPM,898393,INR
072023,567285,GGPM,314657,INR
072023,567523,GGPM,207991,INR
072023,567769,GGPM,916782,INR
072023,567792,GGPM,648514,INR
072023,568132,GGPM,79596,INR
072023,567856,GGPM,950486,INR
072023,568654,GGPM,228719,INR
072023,568493,GGPM,568321,INR
072023,568772,GGPM,272579,INR
072023,568822,GGPM,689798,INR
072023,568826,GGPM,1687,INR
072023,537625,GGPM,412002,INR
072023,537762,GGPM,864073,INR
072023,540078,GGPM,166697,INR
072023,567075,GGPM,804648,INR
072023,566698,GGPM,132733,INR
072023,285385,GGPM,238568,INR
072023,568233,GGPM,439887,INR
072023,568431,GGPM,111479,INR
072023,567150,GGPM,37429,INR
072023,568566,GGPM,86784,INR
072023,568532,GGPM,828187,INR
072023,568632,GGPM,120205,INR
072023,568732,GGPM,49317,INR
072023,568769,GGPM,404143,INR
072023,568801,GGPM,471649,INR
072023,568845,GGPM,962135,INR
072023,568832,GGPM,204002,INR
072023,568876,GGPM,77545,INR
072023,568943,GGPM,175401,INR
072023,568931,GGPM,480114,INR
072023,568880,GGPM,556852,INR
072023,250603,GGPM,478813,INR
072023,565821,GGPM,829964,INR
072023,566713,GGPM,394892,INR
072023,566787,GGPM,137389,INR
072023,566801,GGPM,74943,INR
072023,567854,GGPM,237360,INR
072023,568231,GGPM,474398,INR
072023,568239,GGPM,450046,INR
072023,568340,GGPM,309159,INR
072023,568393,GGPM,613666,INR
072023,568406,GGPM,267103,INR
072023,568833,GGPM,293018,INR
072023,568939,GGPM,914270,INR
072023,568949,GGPM,391154,INR
072023,568997,GGPM,69902,INR
072023,568970,GGPM,340561,INR
072023,J10077,GGPM,375678,INR
072023,295522,GGPM,192443,INR
072023,565189,GGPM,62879,INR
072023,567616,GGPM,20637,INR
072023,566347,GGPM,478867,INR
072023,567552,GGPM,15474,INR
072023,290727,GGPM,961875,INR
072023,568329,GGPM,705973,INR
072023,568748,GGPM,749557,INR
072023,568795,GGPM,731920,INR
072023,567064,GGPM,115867,INR
072023,569041,GGPM,134955,INR
072023,569014,GGPM,119942,INR
072023,566302,GGPM,977464,INR
072023,568202,GGPM,705275,INR
072023,568785,GGPM,276889,INR
072023,568847,GGPM,341222,INR
072023,569087,GGPM,390276,INR
072023,569107,GGPM,590088,INR
072023,569138,GGPM,569095,INR
072023,566487,GGPM,503995,INR
072023,566584,GGPM,942085,INR
072023,567510,GGPM,393379,INR
072023,567825,GGPM,562440,INR
072023,567983,GGPM,522305,INR
072023,567989,GGPM,798325,INR
072023,567962,GGPM,612916,INR
072023,568337,GGPM,535924,INR
072023,568631,GGPM,593547,INR
072023,568754,GGPM,739957,INR
072023,568831,GGPM,905709,INR
072023,569040,GGPM,566494,INR
072023,569174,GGPM,454290,INR
072023,569187,GGPM,688643,INR
072023,569158,GGPM,204473,INR
072023,569193,GGPM,873064,INR
072023,J10076,GGPM,718101,INR
072023,J10069,GGPM,284493,INR
072023,569197,GGPM,993470,INR
072023,569237,GGPM,993479,INR
072023,249647,GGPM,704257,INR
072023,262032,GGPM,784619,INR
072023,264753,GGPM,898373,INR
072023,491674,GGPM,498164,INR
072023,535918,GGPM,943233,INR
072023,568235,GGPM,774851,INR
072023,568386,GGPM,721708,INR
072023,568543,GGPM,496308,INR
072023,568773,GGPM,981124,INR
072023,568930,GGPM,314668,INR
072023,568971,GGPM,198836,INR
072023,569066,GGPM,148916,INR
072023,569160,GGPM,194311,INR
072023,569261,GGPM,174265,INR
072023,265650,GGPM,38714,INR
072023,279044,GGPM,765534,INR
072023,565727,GGPM,73658,INR
072023,973778,GGPM,763338,INR
072023,566829,GGPM,266679,INR
072023,568144,GGPM,834830,INR
072023,568296,GGPM,841405,INR
072023,568603,GGPM,200245,INR
072023,568347,GGPM,491422,INR
072023,568980,GGPM,512487,INR
072023,100030,GGPM,322009,INR
072023,260230,GGPM,724188,INR
072023,538084,GGPM,481712,INR
072023,299011,GGPM,676206,INR
072023,278775,GGPM,704200,INR
072023,260837,GGPM,317336,INR
072023,490265,GGPM,357287,INR
072023,297646,GGPM,644965,INR
072023,491163,GGPM,206472,INR
072023,254185,GGPM,965826,INR
072023,973774,GGPM,773429,INR
072023,491235,GGPM,55071,INR
072023,539907,GGPM,681160,INR
072023,283463,GGPM,468586,INR
072023,289583,GGPM,710447,INR
072023,286356,GGPM,188292,INR
072023,280472,GGPM,882911,INR
072023,540002,GGPM,76335,INR
072023,566935,GGPM,865968,INR
072023,566003,GGPM,255363,INR
072023,265024,GGPM,462699,INR
072023,294902,GGPM,535170,INR
072023,296212,GGPM,193897,INR
072023,265325,GGPM,750754,INR
072023,265132,GGPM,749464,INR
072023,283842,GGPM,297425,INR
072023,295551,GGPM,831369,INR
082023,297560,GGPM,17678,INR
082023,491667,GGPM,33623,INR
082023,538989,GGPM,762054,INR
082023,565812,GGPM,515032,INR
082023,257441,GGPM,586070,INR
082023,294306,GGPM,374347,INR
082023,567489,GGPM,413882,INR
082023,289740,GGPM,595859,INR
082023,294368,GGPM,683321,INR
082023,565711,GGPM,922503,INR
082023,565526,GGPM,638215,INR
082023,289498,GGPM,936226,INR
082023,567002,GGPM,551485,INR
082023,565279,GGPM,368500,INR
082023,491280,GGPM,809110,INR
082023,565958,GGPM,293543,INR
082023,294699,GGPM,855323,INR
082023,533441,GGPM,405641,INR
082023,566587,GGPM,969230,INR
082023,565248,GGPM,278170,INR
082023,251530,GGPM,514366,INR
082023,537105,GGPM,34353,INR
082023,973957,GGPM,52090,INR
082023,973788,GGPM,612090,INR
082023,491310,GGPM,750212,INR
082023,539142,GGPM,120582,INR
082023,251738,GGPM,131412,INR
082023,567199,GGPM,206093,INR
082023,279009,GGPM,6743,INR
082023,289249,GGPM,872314,INR
082023,565888,GGPM,627295,INR
082023,290148,GGPM,525216,INR
082023,566273,GGPM,667856,INR
082023,565008,GGPM,798966,INR
082023,566474,GGPM,744172,INR
082023,491482,GGPM,819301,INR
082023,567119,GGPM,178841,INR
082023,264698,GGPM,278484,INR
082023,264385,GGPM,673128,INR
082023,287315,GGPM,55738,INR
082023,565699,GGPM,254505,INR
082023,566063,GGPM,74089,INR
082023,533039,GGPM,251493,INR
082023,565722,GGPM,812341,INR
082023,294193,GGPM,353075,INR
082023,288173,GGPM,13181,INR
082023,566100,GGPM,839292,INR
082023,288109,GGPM,964426,INR
082023,566646,GGPM,484614,INR
082023,491239,GGPM,569502,INR
082023,296361,GGPM,147381,INR
082023,566747,GGPM,727481,INR
082023,567037,GGPM,728121,INR
082023,566673,GGPM,275201,INR
082023,535238,GGPM,628893,INR
082023,533869,GGPM,509679,INR
082023,281457,GGPM,538014,INR
082023,539289,GGPM,728373,INR
082023,289955,GGPM,836831,INR
082023,567078,GGPM,68936,INR
082023,565473,GGPM,34968,INR
082023,566351,GGPM,461761,INR
082023,565776,GGPM,836941,INR
082023,491525,GGPM,670321,INR
082023,299605,GGPM,997073,INR
082023,284556,GGPM,87548,INR
082023,296309,GGPM,368780,INR
082023,566547,GGPM,297185,INR
082023,533058,GGPM,194537,INR
082023,565538,GGPM,946705,INR
082023,261119,GGPM,949598,INR
082023,566185,GGPM,479270,INR
082023,491559,GGPM,40941,INR
082023,565430,GGPM,955082,INR
082023,565666,GGPM,528992,INR
082023,565534,GGPM,974189,INR
082023,298687,GGPM,279396,INR
082023,565860,GGPM,459554,INR
082023,256349,GGPM,616585,INR
082023,565283,GGPM,359733,INR
082023,279829,GGPM,560909,INR
082023,565522,GGPM,698891,INR
082023,536872,GGPM,33160,INR
082023,565523,GGPM,577864,INR
082023,566994,GGPM,328319,INR
082023,540090,GGPM,896251,INR
082023,566393,GGPM,560464,INR
082023,264000,GGPM,610245,INR
082023,565514,GGPM,375392,INR
082023,566168,GGPM,100991,INR
082023,538607,GGPM,805927,INR
082023,491302,GGPM,755503,INR
082023,565817,GGPM,815883,INR
082023,565225,GGPM,645514,INR
082023,565836,GGPM,536326,INR
082023,566183,GGPM,432429,INR
082023,566468,GGPM,966820,INR
082023,565272,GGPM,487099,INR
082023,566167,GGPM,586767,INR
082023,491532,GGPM,37030,INR
082023,566216,GGPM,827569,INR
082023,289361,GGPM,760406,INR
082023,567018,GGPM,204580,INR
082023,566666,GGPM,145764,INR
082023,286090,GGPM,419628,INR
082023,973804,GGPM,587506,INR
082023,565935,GGPM,348172,INR
082023,535941,GGPM,275331,INR
082023,565219,GGPM,240635,INR
082023,291314,GGPM,559486,INR
082023,490962,GGPM,30414,INR
082023,254746,GGPM,484492,INR
082023,565697,GGPM,482138,INR
082023,566739,GGPM,335570,INR
082023,280061,GGPM,267045,INR
082023,566969,GGPM,335713,INR
082023,293972,GGPM,462079,INR
082023,281403,GGPM,487795,INR
082023,565386,GGPM,573367,INR
082023,462318,GGPM,121071,INR
082023,282753,GGPM,930797,INR
082023,538408,GGPM,61982,INR
082023,566067,GGPM,235985,INR
082023,567051,GGPM,801666,INR
082023,537538,GGPM,524784,INR
082023,539729,GGPM,320899,INR
082023,296540,GGPM,780234,INR
082023,567062,GGPM,809795,INR
082023,288828,GGPM,660609,INR
082023,291328,GGPM,791279,INR
082023,973779,GGPM,153214,INR
082023,565716,GGPM,718334,INR
082023,565829,GGPM,591446,INR
082023,293896,GGPM,43283,INR
082023,264684,GGPM,144105,INR
082023,253209,GGPM,797008,INR
082023,243496,GGPM,178083,INR
082023,282810,GGPM,598141,INR
082023,565784,GGPM,479391,INR
082023,565419,GGPM,641829,INR
082023,293819,GGPM,168302,INR
082023,287150,GGPM,983378,INR
082023,565842,GGPM,843207,INR
082023,294332,GGPM,390094,INR
082023,253382,GGPM,422968,INR
082023,539858,GGPM,229176,INR
082023,538353,GGPM,799810,INR
082023,565491,GGPM,515043,INR
082023,565343,GGPM,578523,INR
082023,298175,GGPM,37949,INR
082023,565176,GGPM,223772,INR
082023,539961,GGPM,831633,INR
082023,565904,GGPM,94353,INR
082023,295251,GGPM,448990,INR
082023,290337,GGPM,379868,INR
082023,535474,GGPM,138712,INR
082023,566037,GGPM,497133,INR
082023,279488,GGPM,65609,INR
082023,566330,GGPM,237598,INR
082023,565296,GGPM,872816,INR
082023,566269,GGPM,905974,INR
082023,535521,GGPM,816586,INR
082023,566068,GGPM,952060,INR
082023,293487,GGPM,257491,INR
082023,537421,GGPM,596666,INR
082023,538071,GGPM,784995,INR
082023,565475,GGPM,700840,INR
082023,566346,GGPM,689707,INR
082023,536056,GGPM,448517,INR
082023,538875,GGPM,849039,INR
082023,265601,GGPM,223934,INR
082023,286510,GGPM,530901,INR
082023,565795,GGPM,605986,INR
082023,565642,GGPM,756639,INR
082023,535076,GGPM,484951,INR
082023,565894,GGPM,38167,INR
082023,295188,GGPM,581945,INR
082023,565204,GGPM,779760,INR
082023,536763,GGPM,842818,INR
082023,538296,GGPM,908062,INR
082023,566597,GGPM,331915,INR
082023,565882,GGPM,281545,INR
082023,566795,GGPM,3685,INR
082023,566311,GGPM,790978,INR
082023,536208,GGPM,536673,INR
082023,G99199,GGPM,368523,INR
082023,538998,GGPM,808985,INR
082023,265420,GGPM,176350,INR
082023,567017,GGPM,444853,INR
082023,566391,GGPM,299013,INR
082023,566293,GGPM,609904,INR
082023,257017,GGPM,253037,INR
082023,536728,GGPM,146853,INR
082023,565315,GGPM,469828,INR
082023,567099,GGPM,572036,INR
082023,566362,GGPM,702618,INR
082023,533391,GGPM,79481,INR
082023,565540,GGPM,615390,INR
082023,566942,GGPM,765459,INR
092023,567380,GGPM,896623,INR
092023,537665,GGPM,892786,INR
092023,567139,GGPM,317320,INR
092023,567113,GGPM,301421,INR
092023,567076,GGPM,638359,INR
092023,566188,GGPM,550389,INR
092023,565701,GGPM,45547,INR
092023,291127,GGPM,96347,INR
092023,491595,GGPM,414824,INR
092023,290536,GGPM,678619,INR
092023,566832,GGPM,730301,INR
092023,264348,GGPM,68098,INR
092023,537664,GGPM,105734,INR
092023,264553,GGPM,734859,INR
092023,566817,GGPM,298906,INR
092023,299289,GGPM,697463,INR
092023,540205,GGPM,233902,INR
092023,538729,GGPM,519339,INR
092023,565050,GGPM,700581,INR
092023,280165,GGPM,925835,INR
092023,295241,GGPM,136078,INR
092023,565461,GGPM,921906,INR
092023,299945,GGPM,693352,INR
092023,535390,GGPM,300768,INR
092023,567260,GGPM,882244,INR
092023,565527,GGPM,565056,INR
092023,566833,GGPM,65475,INR
092023,566035,GGPM,131083,INR
092023,567012,GGPM,379835,INR
092023,565980,GGPM,179843,INR
092023,534413,GGPM,27426,INR
092023,566282,GGPM,167893,INR
092023,567617,GGPM,858771,INR
092023,566724,GGPM,136918,INR
092023,535596,GGPM,224741,INR
092023,490137,GGPM,987686,INR
092023,565869,GGPM,856925,INR
092023,294456,GGPM,541841,INR
092023,565226,GGPM,193374,INR
092023,566984,GGPM,823120,INR
092023,280017,GGPM,895180,INR
092023,566116,GGPM,700536,INR
092023,539692,GGPM,108792,INR
092023,288780,GGPM,58398,INR
092023,566248,GGPM,267809,INR
092023,264986,GGPM,561982,INR
092023,565359,GGPM,364193,INR
092023,491505,GGPM,988493,INR
092023,290462,GGPM,757788,INR
092023,566929,GGPM,953777,INR
092023,536759,GGPM,853863,INR
092023,266901,GGPM,726628,INR
092023,295099,GGPM,633834,INR
092023,567092,GGPM,40436,INR
092023,538616,GGPM,834805,INR
092023,565934,GGPM,334292,INR
092023,287351,GGPM,982308,INR
092023,566497,GGPM,453086,INR
092023,540312,GGPM,892990,INR
092023,566519,GGPM,351936,INR
092023,567286,GGPM,288144,INR
092023,565327,GGPM,970020,INR
092023,537456,GGPM,850952,INR
092023,539031,GGPM,908655,INR
092023,265194,GGPM,186999,INR
092023,567123,GGPM,455222,INR
092023,565963,GGPM,417941,INR
092023,567101,GGPM,502636,INR
092023,566367,GGPM,484212,INR
092023,566779,GGPM,5386,INR
092023,565281,GGPM,6891,INR
092023,298553,GGPM,360304,INR
092023,565086,GGPM,857453,INR
092023,535643,GGPM,900312,INR
092023,537682,GGPM,420611,INR
092023,565777,GGPM,7805,INR
092023,491366,GGPM,144026,INR
092023,566390,GGPM,2889,INR
092023,566568,GGPM,44230,INR
092023,492055,GGPM,315354,INR
092023,566425,GGPM,749813,INR
092023,565532,GGPM,711291,INR
092023,566644,GGPM,770451,INR
092023,566110,GGPM,813978,INR
092023,565770,GGPM,513324,INR
092023,566135,GGPM,435902,INR
092023,566450,GGPM,134628,INR
092023,265183,GGPM,524390,INR
092023,566366,GGPM,303933,INR
092023,567347,GGPM,835556,INR
092023,565982,GGPM,34718,INR
092023,535673,GGPM,887386,INR
092023,566831,GGPM,745268,INR
092023,566065,GGPM,732986,INR
092023,283985,GGPM,976865,INR
092023,566165,GGPM,640926,INR
092023,565570,GGPM,713541,INR
092023,265222,GGPM,705551,INR
092023,565959,GGPM,998160,INR
092023,565070,GGPM,647384,INR
092023,567225,GGPM,680492,INR
092023,566944,GGPM,841244,INR
092023,566355,GGPM,292046,INR
092023,565581,GGPM,745418,INR
092023,565590,GGPM,547133,INR
092023,533610,GGPM,42875,INR
092023,567387,GGPM,91349,INR
092023,287861,GGPM,671552,INR
092023,539082,GGPM,344095,INR
092023,259609,GGPM,565494,INR
092023,293895,GGPM,546901,INR
092023,490298,GGPM,978058,INR
092023,566488,GGPM,63245,INR
092023,566674,GGPM,182277,INR
092023,565472,GGPM,180768,INR
092023,567632,GGPM,659770,INR
092023,567716,GGPM,928620,INR
092023,566631,GGPM,483767,INR
092023,J10015,GGPM,989978,INR
092023,567268,GGPM,893593,INR
092023,261485,GGPM,615860,INR
092023,567656,GGPM,341765,INR
092023,566175,GGPM,432278,INR
092023,255083,GGPM,895422,INR
092023,292037,GGPM,283266,INR
092023,291453,GGPM,490293,INR
092023,490192,GGPM,330151,INR
092023,566028,GGPM,401242,INR
092023,566030,GGPM,794341,INR
092023,566735,GGPM,513465,INR
092023,491599,GGPM,201333,INR
092023,567096,GGPM,692551,INR
092023,567500,GGPM,177129,INR
092023,566372,GGPM,266340,INR
092023,567859,GGPM,640422,INR
092023,567899,GGPM,403199,INR
092023,257304,GGPM,191329,INR
092023,286872,GGPM,901991,INR
092023,294777,GGPM,158632,INR
092023,492050,GGPM,566584,INR
092023,565025,GGPM,858452,INR
092023,566105,GGPM,229820,INR
092023,566518,GGPM,320222,INR
092023,566824,GGPM,495247,INR
092023,566903,GGPM,944109,INR
092023,567095,GGPM,85915,INR
092023,567254,GGPM,108308,INR
092023,567441,GGPM,117707,INR
092023,566892,GGPM,677632,INR
092023,567593,GGPM,764676,INR
092023,567589,GGPM,195892,INR
092023,567621,GGPM,342125,INR
092023,567625,GGPM,444644,INR
092023,567626,GGPM,327265,INR
092023,567611,GGPM,205002,INR
092023,567650,GGPM,864239,INR
092023,567743,GGPM,793535,INR
092023,567830,GGPM,780711,INR
092023,567896,GGPM,93596,INR
092023,567178,GGPM,591331,INR
092023,567818,GGPM,860261,INR
092023,280742,GGPM,706755,INR
092023,299257,GGPM,527366,INR
092023,491642,GGPM,515649,INR
092023,491673,GGPM,234094,INR
092023,565922,GGPM,904128,INR
092023,565988,GGPM,465261,INR
092023,566409,GGPM,438924,INR
092023,566726,GGPM,362990,INR
092023,567132,GGPM,8349,INR
092023,567424,GGPM,214907,INR
092023,567359,GGPM,421319,INR
092023,566763,GGPM,828790,INR
092023,565067,GGPM,850588,INR
092023,G99251,GGPM,900391,INR
092023,259276,GGPM,209788,INR
092023,265655,GGPM,208721,INR
092023,293892,GGPM,529832,INR
092023,538097,GGPM,624745,INR
092023,565236,GGPM,185928,INR
092023,265508,GGPM,784660,INR
092023,566359,GGPM,780606,INR
092023,537791,GGPM,605271,INR
092023,567335,GGPM,566462,INR
092023,566901,GGPM,63426,INR
092023,567551,GGPM,246386,INR
092023,567641,GGPM,216563,INR
092023,567719,GGPM,687630,INR
092023,567721,GGPM,922969,INR
092023,567681,GGPM,688644,INR
092023,567712,GGPM,181664,INR
092023,567760,GGPM,209637,INR
092023,567803,GGPM,219154,INR
092023,567849,GGPM,342,INR
092023,567888,GGPM,120872,INR
092023,566230,GGPM,988743,INR
092023,567976,GGPM,848348,INR
092023,568013,GGPM,126462,INR
092023,567731,GGPM,287471,INR
102023,567821,GGPM,182797,INR
102023,568158,GGPM,595302,INR
102023,568215,GGPM,645349,INR
102023,565936,GGPM,599602,INR
102023,G99191,GGPM,876066,INR
102023,566906,GGPM,568368,INR
102023,567261,GGPM,811261,INR
102023,567342,GGPM,11106,INR
102023,566430,GGPM,145730,INR
102023,567841,GGPM,669310,INR
102023,568139,GGPM,319739,INR
102023,568136,GGPM,854814,INR
102023,265271,GGPM,20001,INR
102023,540123,GGPM,333817,INR
102023,565633,GGPM,920488,INR
102023,566600,GGPM,41103,INR
102023,567244,GGPM,228852,INR
102023,567378,GGPM,731257,INR
102023,567708,GGPM,274046,INR
102023,568032,GGPM,892684,INR
102023,568122,GGPM,990046,INR
102023,568157,GGPM,719008,INR
102023,540092,GGPM,122225,INR
102023,565742,GGPM,963966,INR
102023,566395,GGPM,332419,INR
102023,566776,GGPM,107320,INR
102023,566707,GGPM,930261,INR
102023,567488,GGPM,400298,INR
102023,567806,GGPM,616474,INR
102023,567927,GGPM,211907,INR
102023,567980,GGPM,643375,INR
102023,568097,GGPM,271908,INR
102023,566736,GGPM,983515,INR
102023,568193,GGPM,245856,INR
102023,568222,GGPM,97427,INR
102023,491549,GGPM,841672,INR
102023,537823,GGPM,433427,INR
102023,539404,GGPM,832587,INR
102023,539815,GGPM,926783,INR
102023,565878,GGPM,911272,INR
102023,566024,GGPM,114636,INR
102023,565398,GGPM,811804,INR
102023,566338,GGPM,518651,INR
102023,567312,GGPM,231069,INR
102023,567348,GGPM,195295,INR
102023,567418,GGPM,551634,INR
102023,490645,GGPM,676205,INR
102023,566614,GGPM,456696,INR
102023,567885,GGPM,375727,INR
102023,567929,GGPM,182807,INR
102023,568025,GGPM,177938,INR
102023,567963,GGPM,288701,INR
102023,568100,GGPM,702035,INR
102023,568119,GGPM,525254,INR
102023,568072,GGPM,341584,INR
102023,568217,GGPM,239188,INR
102023,568247,GGPM,845525,INR
102023,567702,GGPM,991532,INR
102023,568273,GGPM,39200,INR
102023,568426,GGPM,938315,INR
102023,568478,GGPM,423270,INR
102023,254966,GGPM,419279,INR
102023,565397,GGPM,344896,INR
102023,566805,GGPM,13525,INR
102023,566938,GGPM,252810,INR
102023,566955,GGPM,610703,INR
102023,567645,GGPM,146092,INR
102023,567867,GGPM,351904,INR
102023,568150,GGPM,657974,INR
102023,568246,GGPM,339749,INR
102023,568276,GGPM,597279,INR
102023,259261,GGPM,994763,INR
102023,290113,GGPM,71995,INR
102023,567396,GGPM,721996,INR
102023,568043,GGPM,256869,INR
102023,537219,GGPM,998518,INR
102023,567061,GGPM,219919,INR
102023,567151,GGPM,140524,INR
102023,567393,GGPM,108267,INR
102023,567539,GGPM,347556,INR
102023,567833,GGPM,107074,INR
102023,259997,GGPM,366857,INR
102023,568425,GGPM,440484,INR
102023,566786,GGPM,406327,INR
102023,567357,GGPM,885054,INR
102023,568449,GGPM,127065,INR
102023,568481,GGPM,737489,INR
102023,568489,GGPM,458009,INR
102023,294194,GGPM,425831,INR
102023,491649,GGPM,121037,INR
102023,565158,GGPM,309842,INR
102023,283989,GGPM,591589,INR
102023,567508,GGPM,91428,INR
102023,567862,GGPM,426175,INR
102023,568291,GGPM,391077,INR
102023,568440,GGPM,573304,INR
102023,565260,GGPM,758466,INR
102023,565388,GGPM,289064,INR
102023,566712,GGPM,817615,INR
102023,566717,GGPM,365113,INR
102023,567506,GGPM,626996,INR
102023,567674,GGPM,541085,INR
102023,567892,GGPM,211137,INR
102023,568338,GGPM,638180,INR
102023,568459,GGPM,723607,INR
102023,568490,GGPM,262483,INR
102023,568520,GGPM,791154,INR
102023,568574,GGPM,970224,INR
102023,J10058,GGPM,297246,INR
102023,286821,GGPM,861241,INR
102023,287350,GGPM,561563,INR
102023,567599,GGPM,411966,INR
102023,J10028,GGPM,494996,INR
102023,567933,GGPM,436249,INR
102023,568374,GGPM,631068,INR
102023,568380,GGPM,761670,INR
102023,568649,GGPM,807057,INR
102023,568687,GGPM,146924,INR
102023,253573,GGPM,859462,INR
102023,293333,GGPM,197580,INR
102023,491626,GGPM,772273,INR
102023,566219,GGPM,328439,INR
102023,539313,GGPM,850456,INR
102023,567613,GGPM,880330,INR
102023,567640,GGPM,348572,INR
102023,568378,GGPM,257096,INR
102023,568596,GGPM,553270,INR
102023,568622,GGPM,764759,INR
102023,568660,GGPM,169308,INR
102023,565933,GGPM,797038,INR
102023,566567,GGPM,380096,INR
102023,568016,GGPM,132901,INR
102023,568267,GGPM,630329,INR
102023,568364,GGPM,641763,INR
102023,568556,GGPM,798365,INR
102023,568559,GGPM,299767,INR
102023,568717,GGPM,382341,INR
102023,568752,GGPM,499287,INR
102023,568751,GGPM,814755,INR
102023,568952,GGPM,531492,INR
102023,565058,GGPM,338705,INR
102023,565740,GGPM,366599,INR
102023,565954,GGPM,631575,INR
102023,566129,GGPM,462418,INR
102023,567104,GGPM,753033,INR
102023,567252,GGPM,986724,INR
102023,567285,GGPM,28048,INR
102023,567523,GGPM,202435,INR
102023,567769,GGPM,267460,INR
102023,567792,GGPM,690080,INR
102023,568132,GGPM,694073,INR
102023,567856,GGPM,884489,INR
102023,568654,GGPM,87939,INR
102023,568493,GGPM,82445,INR
102023,568772,GGPM,829079,INR
102023,568822,GGPM,618704,INR
102023,568826,GGPM,605579,INR
102023,537625,GGPM,463397,INR
102023,537762,GGPM,804793,INR
102023,540078,GGPM,689715,INR
102023,567075,GGPM,848170,INR
102023,566698,GGPM,432460,INR
102023,285385,GGPM,590019,INR
102023,568233,GGPM,365699,INR
102023,568431,GGPM,120751,INR
102023,567150,GGPM,871069,INR
102023,568566,GGPM,934214,INR
102023,568532,GGPM,868012,INR
102023,568632,GGPM,74071,INR
102023,568732,GGPM,378934,INR
102023,568769,GGPM,16631,INR
102023,568801,GGPM,894928,INR
102023,568845,GGPM,226450,INR
102023,568832,GGPM,283677,INR
102023,568876,GGPM,379788,INR
102023,568943,GGPM,586635,INR
102023,568931,GGPM,654868,INR
102023,568880,GGPM,546531,INR
102023,250603,GGPM,490536,INR
102023,565821,GGPM,974905,INR
102023,566713,GGPM,172274,INR
102023,566787,GGPM,240167,INR
102023,566801,GGPM,193308,INR
102023,567854,GGPM,768991,INR
102023,568231,GGPM,810742,INR
102023,568239,GGPM,788898,INR
102023,568340,GGPM,657965,INR
102023,568393,GGPM,794236,INR
102023,568406,GGPM,844088,INR
102023,568833,GGPM,831419,INR
102023,568939,GGPM,161862,INR
102023,568949,GGPM,524566,INR
102023,568997,GGPM,896731,INR
102023,568970,GGPM,388562,INR
102023,J10077,GGPM,189964,INR
102023,295522,GGPM,925377,INR
102023,565189,GGPM,913862,INR
102023,567616,GGPM,3160,INR
102023,566347,GGPM,892090,INR
112023,567552,GGPM,260619,INR
112023,290727,GGPM,894386,INR
112023,568329,GGPM,654832,INR
112023,568748,GGPM,890841,INR
112023,568795,GGPM,605667,INR
112023,567064,GGPM,326003,INR
112023,569041,GGPM,547385,INR
112023,569014,GGPM,799556,INR
112023,566302,GGPM,558761,INR
112023,568202,GGPM,203310,INR
112023,568785,GGPM,315209,INR
112023,568847,GGPM,581056,INR
112023,569087,GGPM,42184,INR
112023,569107,GGPM,359523,INR
112023,569138,GGPM,804201,INR
112023,566487,GGPM,52815,INR
112023,566584,GGPM,148126,INR
112023,567510,GGPM,595766,INR
112023,567825,GGPM,343175,INR
112023,567983,GGPM,428314,INR
112023,567989,GGPM,698073,INR
112023,567962,GGPM,754285,INR
112023,568337,GGPM,340507,INR
112023,568631,GGPM,774009,INR
112023,568754,GGPM,556400,INR
112023,568831,GGPM,448837,INR
112023,569040,GGPM,118683,INR
112023,569174,GGPM,655108,INR
112023,569187,GGPM,767632,INR
112023,569158,GGPM,638931,INR
112023,569193,GGPM,127099,INR
112023,J10076,GGPM,47130,INR
112023,J10069,GGPM,272457,INR
112023,569197,GGPM,615373,INR
112023,569237,GGPM,64400,INR
112023,249647,GGPM,796902,INR
112023,262032,GGPM,295780,INR
112023,264753,GGPM,249076,INR
112023,491674,GGPM,983323,INR
112023,535918,GGPM,532254,INR
112023,568235,GGPM,500429,INR
112023,568386,GGPM,549140,INR
112023,568543,GGPM,153250,INR
112023,568773,GGPM,937078,INR
112023,568930,GGPM,650433,INR
112023,568971,GGPM,674329,INR
112023,569066,GGPM,308840,INR
112023,569160,GGPM,740312,INR
112023,569261,GGPM,839399,INR
112023,265650,GGPM,545891,INR
112023,279044,GGPM,931169,INR
112023,565727,GGPM,594774,INR
112023,973778,GGPM,304634,INR
112023,566829,GGPM,122556,INR
112023,568144,GGPM,370696,INR
112023,568296,GGPM,265659,INR
112023,568603,GGPM,469203,INR
112023,568347,GGPM,214591,INR
112023,568980,GGPM,950173,INR
112023,100030,GGPM,190891,INR
112023,260230,GGPM,134157,INR
112023,538084,GGPM,438322,INR
112023,299011,GGPM,667957,INR
112023,278775,GGPM,529161,INR
112023,260837,GGPM,674783,INR
112023,490265,GGPM,541376,INR
112023,297646,GGPM,755291,INR
112023,491163,GGPM,268533,INR
112023,254185,GGPM,689363,INR
112023,973774,GGPM,866064,INR
112023,491235,GGPM,140897,INR
112023,539907,GGPM,832602,INR
112023,283463,GGPM,791900,INR
112023,289583,GGPM,160445,INR
112023,286356,GGPM,821128,INR
112023,280472,GGPM,893425,INR
112023,540002,GGPM,147460,INR
112023,566935,GGPM,294174,INR
112023,566003,GGPM,245138,INR
112023,265024,GGPM,774087,INR
112023,294902,GGPM,904940,INR
112023,296212,GGPM,693688,INR
112023,265325,GGPM,81939,INR
112023,265132,GGPM,910116,INR
112023,283842,GGPM,901427,INR
112023,295551,GGPM,469020,INR
112023,297560,GGPM,161166,INR
112023,491667,GGPM,326099,INR
112023,538989,GGPM,879842,INR
112023,565812,GGPM,274414,INR
112023,257441,GGPM,949158,INR
112023,294306,GGPM,979367,INR
112023,567489,GGPM,994977,INR
112023,289740,GGPM,918096,INR
112023,294368,GGPM,657095,INR
112023,565711,GGPM,126725,INR
112023,565526,GGPM,563735,INR
112023,289498,GGPM,615937,INR
112023,567002,GGPM,962878,INR
112023,565279,GGPM,573472,INR
112023,491280,GGPM,857585,INR
112023,565958,GGPM,569108,INR
112023,294699,GGPM,375827,INR
112023,533441,GGPM,784962,INR
112023,566587,GGPM,233383,INR
112023,565248,GGPM,241019,INR
112023,251530,GGPM,468907,INR
112023,537105,GGPM,354158,INR
112023,973957,GGPM,49106,INR
112023,973788,GGPM,303840,INR
112023,491310,GGPM,564554,INR
112023,539142,GGPM,250963,INR
112023,251738,GGPM,624543,INR
112023,567199,GGPM,732791,INR
112023,279009,GGPM,968440,INR
112023,289249,GGPM,609785,INR
112023,565888,GGPM,969344,INR
112023,290148,GGPM,935634,INR
112023,566273,GGPM,517891,INR
112023,565008,GGPM,550910,INR
112023,566474,GGPM,124514,INR
112023,491482,GGPM,122991,INR
112023,567119,GGPM,34289,INR
112023,264698,GGPM,677119,INR
112023,264385,GGPM,741459,INR
112023,287315,GGPM,348384,INR
112023,565699,GGPM,252519,INR
112023,566063,GGPM,439588,INR
112023,533039,GGPM,958715,INR
112023,565722,GGPM,778096,INR
112023,294193,GGPM,936420,INR
112023,288173,GGPM,523357,INR
112023,566100,GGPM,723328,INR
112023,288109,GGPM,784251,INR
112023,566646,GGPM,183913,INR
112023,491239,GGPM,768812,INR
112023,296361,GGPM,455724,INR
112023,566747,GGPM,399742,INR
112023,567037,GGPM,374934,INR
112023,566673,GGPM,914536,INR
112023,535238,GGPM,357190,INR
112023,533869,GGPM,520921,INR
112023,281457,GGPM,824351,INR
112023,539289,GGPM,624644,INR
112023,289955,GGPM,719476,INR
112023,567078,GGPM,999247,INR
112023,565473,GGPM,960420,INR
112023,566351,GGPM,846233,INR
112023,565776,GGPM,312131,INR
112023,491525,GGPM,423674,INR
112023,299605,GGPM,771939,INR
112023,284556,GGPM,532581,INR
112023,296309,GGPM,294280,INR
112023,566547,GGPM,962985,INR
112023,533058,GGPM,340969,INR
112023,565538,GGPM,161558,INR
112023,261119,GGPM,127904,INR
112023,566185,GGPM,113038,INR
112023,491559,GGPM,509415,INR
112023,565430,GGPM,282717,INR
112023,565666,GGPM,651426,INR
112023,565534,GGPM,568882,INR
112023,298687,GGPM,116102,INR
112023,565860,GGPM,532898,INR
112023,256349,GGPM,816090,INR
112023,565283,GGPM,734646,INR
112023,279829,GGPM,783392,INR
112023,565522,GGPM,174797,INR
112023,536872,GGPM,582074,INR
112023,565523,GGPM,569331,INR
112023,566994,GGPM,935487,INR
112023,540090,GGPM,233640,INR
112023,566393,GGPM,126837,INR
112023,264000,GGPM,570910,INR
112023,565514,GGPM,583059,INR
112023,566168,GGPM,734426,INR
112023,538607,GGPM,826262,INR
112023,491302,GGPM,703132,INR
112023,565817,GGPM,425305,INR
112023,565225,GGPM,373911,INR
112023,565836,GGPM,436235,INR
112023,566183,GGPM,981097,INR
112023,566468,GGPM,987267,INR
112023,565272,GGPM,201292,INR
112023,566167,GGPM,521869,INR
112023,491532,GGPM,249527,INR
112023,566216,GGPM,836139,INR
112023,289361,GGPM,528295,INR
112023,567018,GGPM,464212,INR
112023,566666,GGPM,410260,INR
112023,286090,GGPM,400948,INR
112023,973804,GGPM,339138,INR
112023,565935,GGPM,304103,INR
112023,535941,GGPM,987574,INR
112023,565219,GGPM,559455,INR
112023,291314,GGPM,929612,INR
112023,490962,GGPM,277069,INR
112023,254746,GGPM,452956,INR
112023,565697,GGPM,948456,INR
122023,566739,GGPM,370251,INR
122023,280061,GGPM,138730,INR
122023,566969,GGPM,175373,INR
122023,293972,GGPM,904114,INR
122023,281403,GGPM,655594,INR
122023,565386,GGPM,283579,INR
122023,462318,GGPM,212362,INR
122023,282753,GGPM,45925,INR
122023,538408,GGPM,83193,INR
122023,566067,GGPM,220244,INR
122023,567051,GGPM,409756,INR
122023,537538,GGPM,780148,INR
122023,539729,GGPM,483357,INR
122023,296540,GGPM,181119,INR
122023,567062,GGPM,440964,INR
122023,288828,GGPM,418880,INR
122023,291328,GGPM,415680,INR
122023,973779,GGPM,517451,INR
122023,565716,GGPM,483284,INR
122023,565829,GGPM,182254,INR
122023,293896,GGPM,338482,INR
122023,264684,GGPM,58617,INR
122023,253209,GGPM,202795,INR
122023,243496,GGPM,88447,INR
122023,282810,GGPM,63561,INR
122023,565784,GGPM,798308,INR
122023,565419,GGPM,598528,INR
122023,293819,GGPM,618734,INR
122023,287150,GGPM,513541,INR
122023,565842,GGPM,113720,INR
122023,294332,GGPM,44122,INR
122023,253382,GGPM,91956,INR
122023,539858,GGPM,915395,INR
122023,538353,GGPM,216153,INR
122023,565491,GGPM,555027,INR
122023,565343,GGPM,880544,INR
122023,298175,GGPM,82536,INR
122023,565176,GGPM,691032,INR
122023,539961,GGPM,911934,INR
122023,565904,GGPM,960328,INR
122023,295251,GGPM,365588,INR
122023,290337,GGPM,788922,INR
122023,535474,GGPM,771231,INR
122023,566037,GGPM,793755,INR
122023,279488,GGPM,186239,INR
122023,566330,GGPM,598664,INR
122023,565296,GGPM,308355,INR
122023,566269,GGPM,220569,INR
122023,535521,GGPM,803869,INR
122023,566068,GGPM,354799,INR
122023,293487,GGPM,255300,INR
122023,537421,GGPM,851137,INR
122023,538071,GGPM,115436,INR
122023,565475,GGPM,909404,INR
122023,566346,GGPM,417811,INR
122023,536056,GGPM,441961,INR
122023,538875,GGPM,835393,INR
122023,265601,GGPM,833801,INR
122023,286510,GGPM,887097,INR
122023,565795,GGPM,867097,INR
122023,565642,GGPM,366437,INR
122023,535076,GGPM,704888,INR
122023,565894,GGPM,198006,INR
122023,295188,GGPM,598177,INR
122023,565204,GGPM,29109,INR
122023,536763,GGPM,880361,INR
122023,538296,GGPM,626398,INR
122023,566597,GGPM,50265,INR
122023,565882,GGPM,95885,INR
122023,566795,GGPM,468244,INR
122023,566311,GGPM,670094,INR
122023,536208,GGPM,761866,INR
122023,G99199,GGPM,246848,INR
122023,538998,GGPM,256254,INR
122023,265420,GGPM,508116,INR
122023,567017,GGPM,138091,INR
122023,566391,GGPM,649485,INR
122023,566293,GGPM,83529,INR
122023,257017,GGPM,898546,INR
122023,536728,GGPM,403222,INR
122023,565315,GGPM,854187,INR
122023,567099,GGPM,507414,INR
122023,566362,GGPM,540308,INR
122023,533391,GGPM,489084,INR
122023,565540,GGPM,91935,INR
122023,566942,GGPM,648092,INR
122023,567380,GGPM,397449,INR
122023,537665,GGPM,810989,INR
122023,567139,GGPM,362609,INR
122023,567113,GGPM,776791,INR
122023,567076,GGPM,866606,INR
122023,566188,GGPM,275735,INR
122023,565701,GGPM,911631,INR
122023,291127,GGPM,555813,INR
122023,491595,GGPM,952211,INR
122023,290536,GGPM,406581,INR
122023,566832,GGPM,304189,INR
122023,264348,GGPM,834088,INR
122023,537664,GGPM,807097,INR
122023,264553,GGPM,173389,INR
122023,566817,GGPM,328969,INR
122023,299289,GGPM,556824,INR
122023,540205,GGPM,95712,INR
122023,538729,GGPM,969038,INR
122023,565050,GGPM,390628,INR
122023,280165,GGPM,655455,INR
122023,295241,GGPM,640445,INR
122023,565461,GGPM,189956,INR
122023,299945,GGPM,880286,INR
122023,535390,GGPM,752408,INR
122023,567260,GGPM,724763,INR
122023,565527,GGPM,42811,INR
122023,566833,GGPM,255946,INR
122023,566035,GGPM,134829,INR
122023,567012,GGPM,241126,INR
122023,565980,GGPM,530278,INR
122023,534413,GGPM,207286,INR
122023,566282,GGPM,731006,INR
122023,567617,GGPM,598749,INR
122023,566724,GGPM,44882,INR
122023,535596,GGPM,334315,INR
122023,490137,GGPM,758758,INR
122023,565869,GGPM,934418,INR
122023,294456,GGPM,640195,INR
122023,565226,GGPM,223766,INR
122023,566984,GGPM,302616,INR
122023,280017,GGPM,704873,INR
122023,566116,GGPM,844041,INR
122023,539692,GGPM,673960,INR
122023,288780,GGPM,327635,INR
122023,566248,GGPM,183464,INR
122023,264986,GGPM,824383,INR
122023,565359,GGPM,88936,INR
122023,491505,GGPM,538645,INR
122023,290462,GGPM,731422,INR
122023,566929,GGPM,829374,INR
122023,536759,GGPM,737589,INR
122023,266901,GGPM,53445,INR
122023,295099,GGPM,969519,INR
122023,567092,GGPM,83137,INR
122023,538616,GGPM,660370,INR
122023,565934,GGPM,74736,INR
122023,287351,GGPM,135520,INR
122023,566497,GGPM,738056,INR
122023,540312,GGPM,490112,INR
122023,566519,GGPM,618392,INR
122023,567286,GGPM,982121,INR
122023,565327,GGPM,61646,INR
122023,537456,GGPM,354372,INR
122023,539031,GGPM,882207,INR
122023,265194,GGPM,544047,INR
122023,567123,GGPM,762932,INR
122023,565963,GGPM,324671,INR
122023,567101,GGPM,25150,INR
122023,566367,GGPM,978566,INR
122023,566779,GGPM,257763,INR
122023,565281,GGPM,587722,INR
122023,298553,GGPM,967353,INR
122023,565086,GGPM,476932,INR
122023,535643,GGPM,708432,INR
122023,537682,GGPM,627682,INR
122023,565777,GGPM,320083,INR
122023,491366,GGPM,929077,INR
122023,566390,GGPM,881175,INR
122023,566568,GGPM,228636,INR
122023,492055,GGPM,703014,INR
122023,566425,GGPM,629258,INR
122023,565532,GGPM,214660,INR
122023,566644,GGPM,33768,INR
122023,566110,GGPM,523694,INR
122023,565770,GGPM,809279,INR
122023,566135,GGPM,9838,INR
122023,566450,GGPM,730559,INR
122023,265183,GGPM,751598,INR
122023,566366,GGPM,202422,INR
122023,567347,GGPM,319059,INR
122023,565982,GGPM,670534,INR
122023,535673,GGPM,347913,INR
122023,566831,GGPM,153845,INR
122023,566065,GGPM,936618,INR
122023,283985,GGPM,876673,INR
122023,566165,GGPM,785711,INR
122023,565570,GGPM,21054,INR
122023,265222,GGPM,875721,INR
122023,565959,GGPM,945901,INR
122023,565070,GGPM,533660,INR
122023,567225,GGPM,734163,INR
122023,566944,GGPM,853534,INR
122023,566355,GGPM,308991,INR
122023,565581,GGPM,463248,INR
122023,565590,GGPM,425177,INR
122023,533610,GGPM,601212,INR
122023,567387,GGPM,676321,INR
122023,287861,GGPM,890586,INR
122023,539082,GGPM,974422,INR
122023,259609,GGPM,264242,INR
122023,293895,GGPM,268976,INR
122023,490298,GGPM,364226,INR
122023,566488,GGPM,175268,INR
122023,566674,GGPM,766334,INR
122023,565472,GGPM,608421,INR
122023,567632,GGPM,370625,INR
122023,567716,GGPM,967556,INR
122023,566631,GGPM,772480,INR
122023,J10015,GGPM,225588,INR
122023,567268,GGPM,846587,INR
122023,261485,GGPM,858046,INR
122023,567656,GGPM,804518,INR
122023,566175,GGPM,634455,INR
122023,255083,GGPM,757204,INR
122023,292037,GGPM,206063,INR
122023,291453,GGPM,140133,INR
122023,490192,GGPM,315559,INR
122023,566028,GGPM,27878,INR
122023,566030,GGPM,532904,INR
122023,566735,GGPM,354951,INR
122023,491599,GGPM,251970,INR
122023,567096,GGPM,803465,INR
122023,567500,GGPM,389787,INR
122023,566372,GGPM,757849,INR
122023,567859,GGPM,772554,INR
122023,567899,GGPM,348902,INR
122023,257304,GGPM,604864,INR
122023,286872,GGPM,510666,INR
122023,294777,GGPM,68596,INR
122023,492050,GGPM,899532,INR
122023,565025,GGPM,925158,INR
122023,566105,GGPM,925772,INR
122023,566518,GGPM,770761,INR
122023,566824,GGPM,428694,INR
122023,566903,GGPM,164903,INR
122023,567095,GGPM,291543,INR
122023,567254,GGPM,403137,INR
122023,567441,GGPM,602604,INR
122023,566892,GGPM,977792,INR
122023,567593,GGPM,585779,INR
122023,567589,GGPM,358317,INR
122023,567621,GGPM,165055,INR
122023,567625,GGPM,283697,INR
122023,567626,GGPM,610514,INR
122023,567611,GGPM,283405,INR
122023,567650,GGPM,610769,INR
122023,567743,GGPM,192530,INR
122023,567830,GGPM,401853,INR
122023,567896,GGPM,406868,INR
122023,567178,GGPM,289571,INR
122023,567818,GGPM,998780,INR
122023,280742,GGPM,254057,INR
122023,299257,GGPM,391243,INR
122023,491642,GGPM,13457,INR
122023,491673,GGPM,443942,INR
122023,565922,GGPM,332513,INR
122023,565988,GGPM,753015,INR
122023,566409,GGPM,833676,INR
122023,566726,GGPM,982409,INR
122023,567132,GGPM,644835,INR
122023,567424,GGPM,756412,INR
122023,567359,GGPM,899392,INR
122023,566763,GGPM,231432,INR
122023,565067,GGPM,89586,INR
122023,G99251,GGPM,956992,INR
122023,259276,GGPM,212643,INR
122023,265655,GGPM,128379,INR
122023,293892,GGPM,407899,INR
122023,538097,GGPM,249435,INR
122023,565236,GGPM,656001,INR
122023,265508,GGPM,580334,INR
122023,566359,GGPM,127999,INR
122023,537791,GGPM,354696,INR
122023,567335,GGPM,883934,INR
122023,566901,GGPM,546544,INR
122023,567551,GGPM,7971,INR
122023,567641,GGPM,173955,INR
122023,567719,GGPM,539498,INR
122023,567721,GGPM,564466,INR
122023,567681,GGPM,61421,INR
122023,567712,GGPM,328541,INR
122023,567760,GGPM,788999,INR
122023,567803,GGPM,703814,INR
122023,567849,GGPM,978882,INR
122023,567888,GGPM,510509,INR
122023,566230,GGPM,350642,INR
122023,567976,GGPM,811590,INR
122023,568013,GGPM,647685,INR
122023,567731,GGPM,973713,INR
122023,567821,GGPM,32641,INR
122023,568158,GGPM,698155,INR
122023,568215,GGPM,514614,INR
122023,565936,GGPM,611342,INR
122023,G99191,GGPM,296133,INR
122023,566906,GGPM,606496,INR
122023,567261,GGPM,739363,INR
122023,567342,GGPM,584758,INR
122023,566430,GGPM,509193,INR
122023,567841,GGPM,905615,INR
122023,568139,GGPM,439591,INR
122023,568136,GGPM,397429,INR
122023,265271,GGPM,368621,INR
122023,540123,GGPM,453812,INR
122023,565633,GGPM,842883,INR
122023,566600,GGPM,638028,INR
122023,567244,GGPM,432324,INR
122023,567378,GGPM,488022,INR
122023,567708,GGPM,830698,INR
122023,568032,GGPM,358658,INR
122023,568122,GGPM,827011,INR
122023,568157,GGPM,214794,INR
122023,540092,GGPM,182014,INR
122023,565742,GGPM,197351,INR
122023,566395,GGPM,973826,INR
122023,566776,GGPM,499163,INR
122023,566707,GGPM,808331,INR
122023,567488,GGPM,907891,INR
122023,567806,GGPM,609405,INR
122023,567927,GGPM,180661,INR
122023,567980,GGPM,408938,INR
122023,568097,GGPM,916617,INR
122023,566736,GGPM,470823,INR
122023,568193,GGPM,578824,INR
122023,568222,GGPM,266624,INR
122023,491549,GGPM,889717,INR
122023,537823,GGPM,760012,INR
122023,539404,GGPM,696175,INR
122023,539815,GGPM,359007,INR
122023,565878,GGPM,67289,INR
122023,566024,GGPM,906004,INR
122023,565398,GGPM,471842,INR
122023,566338,GGPM,562577,INR
122023,567312,GGPM,294169,INR
122023,567348,GGPM,203318,INR
122023,567418,GGPM,196780,INR
122023,490645,GGPM,491850,INR
122023,566614,GGPM,263787,INR
122023,567885,GGPM,620472,INR
122023,567929,GGPM,861014,INR
122023,568025,GGPM,433993,INR
122023,567963,GGPM,476856,INR
122023,568100,GGPM,445890,INR
122023,568119,GGPM,771658,INR
122023,568072,GGPM,914961,INR
122023,568217,GGPM,815995,INR
122023,568247,GGPM,463565,INR
122023,567702,GGPM,252459,INR
122023,568273,GGPM,664409,INR
122023,568426,GGPM,436421,INR
122023,568478,GGPM,39763,INR
122023,254966,GGPM,618041,INR
122023,565397,GGPM,133606,INR
122023,566805,GGPM,881686,INR
122023,566938,GGPM,838899,INR
122023,566955,GGPM,900429,INR
122023,567645,GGPM,266266,INR
122023,567867,GGPM,948965,INR
122023,568150,GGPM,887240,INR
122023,568246,GGPM,997325,INR
122023,568276,GGPM,920922,INR
122023,259261,GGPM,845993,INR
122023,290113,GGPM,352604,INR
122023,567396,GGPM,12197,INR
122023,568043,GGPM,200256,INR
122023,537219,GGPM,611763,INR
122023,567061,GGPM,721681,INR
122023,567151,GGPM,558943,INR
122023,567393,GGPM,954976,INR
122023,567539,GGPM,603828,INR
122023,567833,GGPM,20407,INR
122023,259997,GGPM,717910,INR
122023,568425,GGPM,901739,INR
122023,566786,GGPM,95469,INR
122023,567357,GGPM,343485,INR
122023,568449,GGPM,143006,INR
122023,568481,GGPM,114141,INR
122023,568489,GGPM,670464,INR
122023,294194,GGPM,241839,INR
122023,491649,GGPM,547835,INR
122023,565158,GGPM,133120,INR
122023,283989,GGPM,157004,INR
122023,567508,GGPM,445792,INR
122023,567862,GGPM,426727,INR
122023,568291,GGPM,577697,INR
122023,568440,GGPM,296611,INR
122023,565260,GGPM,997583,INR
122023,565388,GGPM,401066,INR
122023,566712,GGPM,930743,INR
122023,566717,GGPM,213240,INR
122023,567506,GGPM,110724,INR
122023,567674,GGPM,27159,INR
122023,567892,GGPM,126132,INR
122023,568338,GGPM,13055,INR
122023,568459,GGPM,977395,INR
122023,568490,GGPM,247285,INR
122023,568520,GGPM,668710,INR
122023,568574,GGPM,525964,INR
122023,J10058,GGPM,307890,INR
122023,286821,GGPM,922851,INR
122023,287350,GGPM,283544,INR
122023,567599,GGPM,281456,INR
122023,J10028,GGPM,595169,INR
122023,567933,GGPM,48035,INR
122023,568374,GGPM,505258,INR
122023,568380,GGPM,299659,INR
122023,568649,GGPM,978292,INR
122023,568687,GGPM,309770,INR
122023,253573,GGPM,199556,INR
122023,293333,GGPM,176691,INR
122023,491626,GGPM,99019,INR
122023,566219,GGPM,636321,INR
122023,539313,GGPM,734652,INR
122023,567613,GGPM,242037,INR
122023,567640,GGPM,534813,INR
122023,568378,GGPM,251666,INR
122023,568596,GGPM,412879,INR
122023,568622,GGPM,276127,INR
122023,568660,GGPM,232685,INR
122023,565933,GGPM,543194,INR
122023,566567,GGPM,812257,INR
122023,568016,GGPM,389017,INR
122023,568267,GGPM,860987,INR
122023,568364,GGPM,741557,INR
122023,568556,GGPM,892600,INR
122023,568559,GGPM,182536,INR
122023,568717,GGPM,155820,INR
122023,568752,GGPM,8509,INR
122023,568751,GGPM,72718,INR
122023,568952,GGPM,244242,INR
122023,565058,GGPM,141857,INR
122023,565740,GGPM,35271,INR
122023,565954,GGPM,1077,INR
122023,566129,GGPM,355483,INR
122023,567104,GGPM,579398,INR
122023,567252,GGPM,665263,INR
122023,567285,GGPM,410653,INR
122023,567523,GGPM,533960,INR
122023,567769,GGPM,106305,INR
122023,567792,GGPM,370494,INR
122023,568132,GGPM,272374,INR
122023,567856,GGPM,177770,INR
122023,568654,GGPM,324437,INR
122023,568493,GGPM,635827,INR
122023,568772,GGPM,444428,INR
122023,568822,GGPM,128720,INR
122023,568826,GGPM,515578,INR
122023,537625,GGPM,436461,INR
122023,537762,GGPM,152851,INR
122023,540078,GGPM,431904,INR
122023,567075,GGPM,759644,INR
122023,566698,GGPM,26866,INR
122023,285385,GGPM,930590,INR
122023,568233,GGPM,931369,INR
122023,568431,GGPM,978053,INR
122023,567150,GGPM,205034,INR
122023,568566,GGPM,95605,INR
122023,568532,GGPM,613314,INR
122023,568632,GGPM,826724,INR
122023,568732,GGPM,62893,INR
122023,568769,GGPM,450560,INR
122023,568801,GGPM,784124,INR
122023,568845,GGPM,423233,INR
122023,568832,GGPM,988141,INR
122023,568876,GGPM,655536,INR
122023,568943,GGPM,755153,INR
122023,568931,GGPM,608606,INR
122023,568880,GGPM,346285,INR
122023,250603,GGPM,637221,INR
122023,565821,GGPM,692893,INR
122023,566713,GGPM,816351,INR
122023,566787,GGPM,834855,INR
122023,566801,GGPM,478753,INR
122023,567854,GGPM,691154,INR
122023,568231,GGPM,648877,INR
122023,568239,GGPM,981386,INR
122023,568340,GGPM,462945,INR
122023,568393,GGPM,922139,INR
122023,568406,GGPM,947011,INR
122023,568833,GGPM,629857,INR
122023,568939,GGPM,330280,INR
122023,568949,GGPM,931911,INR
122023,568997,GGPM,479131,INR
122023,568970,GGPM,551858,INR
122023,J10077,GGPM,356546,INR
122023,295522,GGPM,759610,INR
122023,565189,GGPM,371922,INR
122023,567616,GGPM,508602,INR
122023,566347,GGPM,555809,INR
122023,567552,GGPM,580829,INR
122023,290727,GGPM,60870,INR
122023,568329,GGPM,188564,INR
122023,568748,GGPM,170272,INR
122023,568795,GGPM,1911,INR
122023,567064,GGPM,844996,INR
122023,569041,GGPM,451080,INR
122023,569014,GGPM,621196,INR
122023,566302,GGPM,964645,INR
122023,568202,GGPM,99419,INR
122023,568785,GGPM,217581,INR
122023,568847,GGPM,265433,INR
122023,569087,GGPM,461850,INR
122023,569107,GGPM,817286,INR
122023,569138,GGPM,167955,INR
122023,566487,GGPM,624235,INR
122023,566584,GGPM,905719,INR
122023,567510,GGPM,436937,INR
122023,567825,GGPM,125583,INR
122023,567983,GGPM,236769,INR
122023,567989,GGPM,49109,INR
122023,567962,GGPM,837030,INR
122023,568337,GGPM,642103,INR
122023,568631,GGPM,923617,INR
122023,568754,GGPM,810155,INR
122023,568831,GGPM,981136,INR
122023,569040,GGPM,830957,INR
122023,569174,GGPM,44584,INR
122023,569187,GGPM,222928,INR
122023,569158,GGPM,933708,INR
122023,569193,GGPM,939494,INR
122023,J10076,GGPM,279578,INR
122023,J10069,GGPM,998986,INR
122023,569197,GGPM,877151,INR
122023,569237,GGPM,499816,INR
122023,249647,GGPM,574498,INR
122023,262032,GGPM,870175,INR
122023,264753,GGPM,317106,INR
122023,491674,GGPM,151697,INR
122023,535918,GGPM,150005,INR
122023,568235,GGPM,957548,INR
122023,568386,GGPM,879103,INR
122023,568543,GGPM,393540,INR
122023,568773,GGPM,894605,INR
122023,568930,GGPM,907760,INR
122023,568971,GGPM,973281,INR
122023,569066,GGPM,583686,INR
122023,569160,GGPM,38019,INR
122023,569261,GGPM,428718,INR
122023,265650,GGPM,129266,INR
122023,279044,GGPM,488157,INR
122023,565727,GGPM,728725,INR
122023,973778,GGPM,160621,INR
122023,566829,GGPM,990851,INR
122023,568144,GGPM,551383,INR
122023,568296,GGPM,33984,INR
122023,568603,GGPM,525994,INR
122023,568347,GGPM,800520,INR
122023,568980,GGPM,852233,INR